Time	TX	txGrid	RX	rxGrid	MHz	Watts	SNR	drift	k	az	mode	k/W	spotQ	version
2026-06-27 17:10	NJ6E	CM88	KD3CCO	FN10cs	21.096202	0.2	-15	0	3841	72	WSPR2	19205	10974	3.0.1
2026-06-27 17:10	NA0F	EN37	KD3CCO	FN10cs	21.096172	0.2	-15	0	1424	116	WSPR2	7120	4069	3.0.1
2026-06-27 17:10	DF8PI	JN49	KD3CCO	FN10cs	21.096155	2	-26	0	6491	297	WSPR2	3246	835	3.0.1
2026-06-27 17:10	HP2DFA	FJ09cg	KD3CCO	FN10cs	21.096089	0.2	-12	0	3508	3	WSPR2	17540	11526	3.0.1
2026-06-27 17:10	EB1A	IN53tf	KD3CCO	FN10cs	21.096086	0.5	-12	0	5572	292	WSPR2	11144	7323	3.0.1
2026-06-27 17:10	KB0QBT	EN03	KD3CCO	FN10cs	21.096074	0.2	-20	0	1773	92	WSPR2	8865	3799	3.0.1
2026-06-27 17:10	F6IDT	JN33	KD3CCO	FN10cs	21.096038	5	-24	0	6674	299	WSPR2	1335	420	3.0.1
2026-06-27 17:08	KN6QZY	CM87vj	KD3CCO	FN10cs	21.096128	0.2	-21	0	3811	70	WSPR2	19055	7622	3.0.1
2026-06-27 17:08	N4WLO/1	EM50uo	KD3CCO	FN10cs	21.096057	5	15	1	1473	37	WSPR2	295	421	3.0.1
2026-06-27 17:08	WA4GLH	EM75je	KD3CCO	FN10cs	21.096039	5	-9	0	898	44	WSPR2	180	134	3.0.1
2026-06-27 17:06	KD3CCO	FN10cs	DK6UG	JN49cm	21.096095	10	1	0	6441	50	WSPR2	644	662	WD_3.3.2-2
2026-06-27 17:06	KD3CCO	FN10cs	KV0S	EM38tv	21.096098	10	-11	0	1261	265	WSPR2	126	86	WD_3.3.2-2
2026-06-27 17:06	KD3CCO	FN10cs	KFS	CM87tj	21.096095	10	-16	0	3825	279	WSPR2	383	208	WD_3.3.2-2
2026-06-27 17:06	KD3CCO	FN10cs	DL4ZBE	JO40ba	21.096095	10	-11	0	6411	49	WSPR2	641	440	WD_3.3.2-1
2026-06-27 17:06	KD3CCO	FN10cs	OK1HRA	JO60wa	21.096159	10	-9	0	6772	47	WSPR2	677	503	1.4A Kiwi
2026-06-27 17:06	KD3CCO	FN10cs	SQ2WB	JO92es	21.096094	10	-26	0	6885	43	WSPR2	689	177	web-888
2026-06-27 17:06	KD3CCO	FN10cs	K9IMM	EN52cv	21.096069	10	14	0	1021	287	WSPR2	102	143	CWSL_DIGI
2026-06-27 17:06	KD3CCO	FN10cs	N3PK	EM84ss	21.096096	10	-8	0	783	213	WSPR2	78	60	1.4A Kiwi
2026-06-27 17:06	KD3CCO	FN10cs	SQ3H	JO82kq	21.096094	10	-14	0	6803	44	WSPR2	680	408	web-888
2026-06-27 17:06	KD3CCO	FN10cs	W4KEL	FM08rd	21.096094	10	-14	0	299	193	WSPR2	30	18	web-888
2026-06-27 17:06	KD3CCO	FN10cs	K9CZI	CN83mw	21.096096	10	-3	0	3682	291	WSPR2	368	336	1.4A Kiwi
2026-06-27 17:06	KD3CCO	FN10cs	SK6WW	JO78fm	21.096095	10	-20	0	6363	38	WSPR2	636	273	1.4A Kiwi
2026-06-27 17:06	KD3CCO	FN10cs	F1UBL	JN08xs	21.096095	10	-15	0	6066	53	WSPR2	607	347	1.4A Kiwi
2026-06-27 17:06	KD3CCO	FN10cs	HK4RAU	FJ25	21.096095	10	-19	0	3934	175	WSPR2	393	180	1.4A Kiwi
2026-06-27 17:06	KD3CCO	FN10cs	N7BUI	CN84ih	21.096096	10	-17	0	3700	292	WSPR2	370	190	web-888
2026-06-27 17:06	KD3CCO	FN10cs	N9AWU	EM69sm	21.096096	10	-8	-1	749	262	WSPR2	75	58	web-888
2026-06-27 17:06	KD3CCO	FN10cs	DL0PF	JN68rn	21.096208	10	-26	0	6828	49	WSPR2	683	176	v1.2.114
2026-06-27 17:06	KD3CCO	FN10cs	OE9GHV	JN47wk	21.096095	10	5	0	6658	51	WSPR2	666	761	WD_3.3.2-2
2026-06-27 17:06	KD3CCO	FN10cs	N4TTN	FM05pm	21.096098	10	-14	0	589	188	WSPR2	59	35	1.4A Kiwi
2026-06-27 17:06	KD3CCO	FN10cs	G4ZFQ	IO90ir	21.096095	10	-21	0	5768	51	WSPR2	577	231	WD_3.3.2-2
2026-06-27 17:06	KD3CCO	FN10cs	DK4RW/1	JO40oe	21.096095	10	1	0	6471	49	WSPR2	647	665	
2026-06-27 17:06	KD3CCO	FN10cs	K6RRP	DM12lw	21.096096	10	-4	0	3568	269	WSPR2	357	316	1.4A Kiwi
2026-06-27 17:06	KD3CCO	FN10cs	DD5XX	JN48ps	21.096163	10	-21	0	6549	50	WSPR2	655	262	
2026-06-27 17:06	KD3CCO	FN10cs	KFS/SE	CM87tj	21.096095	10	-13	0	3825	279	WSPR2	383	241	WD_3.3.2-2
2026-06-27 17:06	KD3CCO	FN10cs	F4VTQ/R	JN28ux	21.096095	10	-19	0	6305	51	WSPR2	631	288	RP122-16
2026-06-27 17:06	KD3CCO	FN10cs	HB9VQQ/RS	JN47kh	21.096101	10	1	0	6599	52	WSPR2	660	679	WD_3.3.2-2
2026-06-27 17:06	KD3CCO	FN10cs	KD9NYE	EN50er	21.096183	10	-15	0	996	274	WSPR2	100	57	DS_0.35.1
2026-06-27 17:06	KD3CCO	FN10cs	KP4MD	CM98iq	21.096095	10	-10	0	3689	281	WSPR2	369	264	WD_3.3.2-2
2026-06-27 17:06	KD3CCO	FN10cs	OE3GBB/Q	JN87aq	21.096095	10	-6	0	7042	49	WSPR2	704	583	WD_3.3.2-2
2026-06-27 17:06	KD3CCO	FN10cs	OE9TAV	JN47tk	21.096095	10	-18	0	6642	51	WSPR2	664	323	WD_3.2.3-1
2026-06-27 17:06	KD3CCO	FN10cs	K9DZT	EN52wx	21.096095	10	-1	0	889	289	WSPR2	89	86	WD_3.3.2-2
2026-06-27 17:06	KD3CCO	FN10cs	W7PUA	CN84jq	21.096097	10	-9	1	3687	292	WSPR2	369	274	1.4A Kiwi
2026-06-27 17:06	KD3CCO	FN10cs	N6GN4	DN70ll	21.096095	10	-18	0	2291	278	WSPR2	229	111	WD_3.3.2-2
2026-06-27 17:06	KD3CCO	FN10cs	DC1RDB	JN58ss	21.096094	10	-20	0	6694	49	WSPR2	669	287	RP122-16
2026-06-27 17:06	KD3CCO	FN10cs	KPH2	CM88mc	21.096095	10	-5	0	3847	281	WSPR2	385	330	WD_3.3.2-2
2026-06-27 17:06	KD3CCO	FN10cs	KD7EFG	DN31uo	21.096095	10	-19	0	2869	283	WSPR2	287	131	WD_3.3.2-2
2026-06-27 17:06	KD3CCO	FN10cs	OE3GBB/P	JN87aq	21.096095	10	-7	0	7042	49	WSPR2	704	563	WD_3.3.2-2
2026-06-27 17:06	KD3CCO	FN10cs	N0QDS	EN35ga	21.096095	10	-13	0	1358	296	WSPR2	136	85	1.4A Kiwi
2026-06-27 17:06	KD3CCO	FN10cs	DK8FT	JN58oe	21.096094	10	-23	0	6704	50	WSPR2	670	230	
2026-06-27 17:06	KD3CCO	FN10cs	EA8BFK	IL38bo	21.096095	10	10	0	5868	82	WSPR2	587	755	WD_3.3.2-2
2026-06-27 17:06	KD3CCO	FN10cs	I0UVN	JN61nl	21.096093	10	-18	0	7222	56	WSPR2	722	351	WD_3.2.3-1
2026-06-27 17:06	KD3CCO	FN10cs	KF6ZEO	CM87sr	21.096095	10	-25	0	3819	280	WSPR2	382	109	WD_3.3.2-2
2026-06-27 17:06	KD3CCO	FN10cs	KB7GF	DN06ta	21.096107	10	-24	0	3294	294	WSPR2	329	103	WD_3.2.3
2026-06-27 17:06	KD3CCO	FN10cs	VK5ARG	PF95ht	21.096096	10	-24	0	16744	271	WSPR2	1674	526	WD_3.3.2-2
2026-06-27 17:06	KD3CCO	FN10cs	G4HZX	IO91xk	21.096095	10	-5	0	5821	50	WSPR2	582	499	WD_3.3.2-2
2026-06-27 17:06	KD3CCO	FN10cs	PI4THT	JO32kf	21.096115	10	-14	-1	6226	47	WSPR2	623	374	0.6
2026-06-27 17:06	KD3CCO	FN10cs	DL3TU	JN48mm	21.096133	10	-16	0	6546	51	WSPR2	655	356	
2026-06-27 17:06	KD3CCO	FN10cs	KFS/OMNI	CM87tj	21.096095	10	-16	0	3825	279	WSPR2	383	208	WD_3.3.2-2
2026-06-27 17:06	KD3CCO	FN10cs	HB9VQQ/KE	JN47kh	21.096095	10	-13	0	6599	52	WSPR2	660	415	WD_3.3.2-2
2026-06-27 17:06	KD3CCO	FN10cs	HB9GZW	JN47bj	21.0961	10	-18	0	6545	52	WSPR2	655	318	WD_3.1.7
2026-06-27 17:06	KD3CCO	FN10cs	KD7EFG-1	DN31uo	21.096095	10	-17	0	2869	283	WSPR2	287	148	WD_3.3.2-2
2026-06-27 17:06	KD3CCO	FN10cs	DL2ZZ	JO31lo	21.096093	10	-22	0	6260	48	WSPR2	626	233	
2026-06-27 17:06	KD3CCO	FN10cs	K9TRV-5	EN82bi	21.096096	10	4	0	536	291	WSPR2	54	60	WD_3.3.2-2
2026-06-27 17:06	KD3CCO	FN10cs	K6VZK	DM13nh	21.096096	10	8	0	3536	269	WSPR2	354	435	WD_3.3.2-2
2026-06-27 17:06	KD3CCO	FN10cs	K6PZB	CM88nk	21.096096	10	-26	0	3828	281	WSPR2	383	98	WD_3.1.7
2026-06-27 17:06	KD3CCO	FN10cs	N6GN5	DN70ll	21.096095	10	-21	0	2291	278	WSPR2	229	92	WD_3.3.2-2
2026-06-27 17:06	KD3CCO	FN10cs	K3LR	EN91se	21.096096	10	-16	0	229	283	WSPR2	23	12	WD_3.3.2-2
2026-06-27 17:06	KD3CCO	FN10cs	GB0PSC	IO92wa	21.096095	10	-18	0	5793	50	WSPR2	579	281	WD_3.3.2-2
2026-06-27 17:06	KD3CCO	FN10cs	N5TNL	EM25ui	21.096095	10	-17	0	1562	253	WSPR2	156	80	WD_3.3.2-2
2026-06-27 17:06	KD3CCO	FN10cs	PD0OHW	JO33lc	21.096095	10	-24	0	6191	46	WSPR2	619	195	WD_3.3.2-2
2026-06-27 17:06	KD3CCO	FN10cs	K6FOD	DM04wc	21.096104	10	-25	0	3605	271	WSPR2	361	103	WD_3.3.2-2
2026-06-27 17:06	KD3CCO	FN10cs	W0WWV	DN70mq	21.096095	10	-26	0	2280	279	WSPR2	228	59	WD_3.3.2-2
2026-06-27 17:06	KD3CCO	FN10cs	K9TRV-4	EN82bi	21.096095	10	9	0	536	291	WSPR2	54	68	WD_3.3.2-2
2026-06-27 17:06	KD3CCO	FN10cs	W1CK-1	DM13ie	21.096095	10	-15	0	3577	269	WSPR2	358	205	WD_3.3.2-2
2026-06-27 17:06	KD3CCO	FN10cs	KJ6MKI	CM88oi	21.096095	10	-17	0	3825	281	WSPR2	383	197	WD_3.3.2-2
2026-06-27 17:06	KD3CCO	FN10cs	HB9VQQ/RE	JN47kh	21.096104	10	-13	0	6599	52	WSPR2	660	415	WD_3.3.2-2
2026-06-27 17:06	KD3CCO	FN10cs	KX4AZ/T	EN74gc	21.096095	10	-8	0	730	303	WSPR2	73	56	WD_3.3.2-2
2026-06-27 17:06	KD3CCO	FN10cs	K9TRV	EN82bi	21.096096	10	-3	0	536	291	WSPR2	54	49	WD_3.3.2-2
2026-06-27 17:06	KD3CCO	FN10cs	ZL2005SWL	RE68mx	21.096095	10	-27	0	14237	245	WSPR2	1424	325	WD_3.3.2-2
2026-06-27 17:06	KD3CCO	FN10cs	W1CK	DM13ie	21.096096	10	-8	0	3577	269	WSPR2	358	276	WD_3.3.2-2
2026-06-27 17:06	KD3CCO	FN10cs	W3PM	EM64or	21.096095	10	8	0	1037	233	WSPR2	104	128	WD_3.3.2-2
2026-06-27 17:06	KD3CCO	FN10cs	HB9VQQ/RL	JN47kh	21.096096	10	-8	0	6599	52	WSPR2	660	509	WD_3.3.2-2
2026-06-27 17:06	KD3CCO	FN10cs	K9TRV-2	EN82bi	21.096099	10	1	0	536	291	WSPR2	54	56	WD_3.3.2-2
2026-06-27 17:06	KD3CCO	FN10cs	PA5KT-15	JO11wl	21.0961	10	-16	-1	6071	49	WSPR2	607	330	CWSL_DIGI
2026-06-27 17:06	KD3CCO	FN10cs	DJ2DS/1	JO33sn	21.096096	10	-25	0	6206	46	WSPR2	621	177	WD_3.3.2-2
2026-06-27 17:06	KD3CCO	FN10cs	W1EUJ	DM13nh	21.096095	10	-12	0	3536	269	WSPR2	354	233	WD_3.3.2-2
2026-06-27 17:06	KD3CCO	FN10cs	KK7IXU	CN88no	21.096095	10	-22	0	3613	299	WSPR2	361	134	WD_3.3.2-2
2026-06-27 17:06	KD3CCO	FN10cs	AC0G/ND	EN16ov	21.096095	10	-14	0	1664	300	WSPR2	166	100	WD_3.3.2-2
2026-06-27 17:06	KD3CCO	FN10cs	M9PSY	IO86ha	21.096095	10	-29	0	5456	45	WSPR2	546	94	UberSDR
2026-06-27 17:06	KD3CCO	FN10cs	HB9VQQ	JN47kh	21.096101	10	1	0	6599	52	WSPR2	660	679	WD_3.3.2-2
2026-06-27 17:06	KD3CCO	FN10cs	DL1GCD/1	JN58oh	21.096113	10	-18	0	6698	50	WSPR2	670	325	
2026-06-27 17:06	KD3CCO	FN10cs	DL1GCD/2	JN58oh	21.0962	10	-13	0	6698	50	WSPR2	670	421	
2026-06-27 17:06	KD3CCO	FN10cs	VA3ROM-1	EN58jk	21.096096	10	-19	0	1240	317	WSPR2	124	57	web-888
2026-06-27 17:06	KD3CCO	FN10cs	DK8FT/P	JN58oe	21.096095	10	-13	0	6704	50	WSPR2	670	421	2.6.1
2026-06-27 17:06	KD3CCO	FN10cs	DH6YHO	JO31xw	21.096107	10	-16	0	6307	47	WSPR2	631	343	web-888
2026-06-27 17:06	KD3CCO	FN10cs	VE6JY	DO33or	21.096096	10	-26	0	2967	311	WSPR2	297	76	web-888
2026-06-27 17:06	KD3CCO	FN10cs	DL1XH	JO43lw	21.096095	10	-21	0	6273	45	WSPR2	627	251	1.4A Kiwi
2026-06-27 17:06	KD3CCO	FN10cs	KA9VDU	EN53ia	21.096103	10	3	0	983	289	WSPR2	98	106	2.5.0
2026-06-27 17:06	KD3CCO	FN10cs	DL0BR/1	JO43jb	21.096098	10	-23	0	6304	46	WSPR2	630	216	web-888
2026-06-27 17:06	KD3CCO	FN10cs	K6MCS	CM98hq	21.096107	10	-20	0	3696	281	WSPR2	370	159	3.0.0
2026-06-27 17:06	KD3CCO	FN10cs	DL3EL	JO40hd	21.096135	10	-14	0	6436	49	WSPR2	644	386	SparkSDR
2026-06-27 17:06	KD3CCO	FN10cs	AC0G/S	EM38ww	21.096095	10	-22	0	1239	265	WSPR2	124	46	WD_4.0
2026-06-27 17:06	KD3CCO	FN10cs	K5XL	EM12kp	21.096095	10	-14	0	1940	248	WSPR2	194	116	3.0.0
2026-06-27 17:06	KD3CCO	FN10cs	KB8VME	EN61as	21.096108	10	-6	0	856	281	WSPR2	86	71	3.0.1
2026-06-27 17:06	KD3CCO	FN10cs	WA4GLH	EM75je	21.096093	10	7	0	898	229	WSPR2	90	108	2.7.0
2026-06-27 17:06	KD3CCO	FN10cs	AJ4AV	EM73tw	21.096164	10	-18	0	956	219	WSPR2	96	47	v1.2.117
2026-06-27 17:06	KD3CCO	FN10cs	G0KTN	IO81ti	21.096121	10	-21	0	5673	51	WSPR2	567	227	SparkSDR
2026-06-27 17:06	KD3CCO	FN10cs	NN0V	EN42ba	21.096108	10	2	0	1182	281	WSPR2	118	125	3.0.1
2026-06-27 17:06	KD3CCO	FN10cs	5Z4GO	KI96ua	21.096092	10	-20	0	12589	74	WSPR2	1259	540	web-888
2026-06-27 17:06	KD3CCO	FN10cs	EA3IOT	JN11ep	21.096094	10	-9	0	6444	60	WSPR2	644	478	web-888
2026-06-27 17:06	KD3CCO	FN10cs	F4VTQ/H	JN28ux	21.096101	10	-17	0	6305	51	WSPR2	631	325	SparkSDR
2026-06-27 17:06	KD3CCO	FN10cs	OE3GBB	JN87aq	21.096094	10	-9	0	7042	49	WSPR2	704	523	UberSDR
2026-06-27 17:06	KD3CCO	FN10cs	WESSEX	IO80qr	21.0961	10	-12	0	5679	52	WSPR2	568	373	UberSDR
2026-06-27 17:06	KD3CCO	FN10cs	AE5AU	EM34rq	21.096098	10	-11	0	1460	247	WSPR2	146	100	SparkSDR
2026-06-27 17:06	KD3CCO	FN10cs	ON5HB	JO21oc	21.096096	10	-20	0	6173	49	WSPR2	617	264	UberSDR
2026-06-27 17:06	KD3CCO	FN10cs	M9PSY-1	IO86ha	21.096095	10	-29	0	5456	45	WSPR2	546	94	UberSDR
2026-06-27 17:06	KD3CCO	FN10cs	DM4TRX	JO31vq	21.096095	10	-23	0	6308	48	WSPR2	631	216	UberSDR
2026-06-27 17:06	KD3CCO	FN10cs	EI4HQ	IO51uu	21.096094	10	-17	0	5266	52	WSPR2	527	271	UberSDR
2026-06-27 17:06	KD3CCO	FN10cs	VA3ROM	EN58jk	21.096095	10	-19	0	1240	317	WSPR2	124	57	UberSDR
2026-06-27 17:06	KD3CCO	FN10cs	NY4Q	EM84am	21.096097	10	6	0	881	220	WSPR2	88	103	UberSDR
2026-06-27 17:06	KD3CCO	FN10cs	F4VTQ/U	JN28ux	21.096101	10	-20	0	6305	51	WSPR2	631	270	UberSDR
2026-06-27 17:06	KD3CCO	FN10cs	KD2M	EL87sg	21.096095	10	-26	0	1561	197	WSPR2	156	40	UberSDR
2026-06-27 17:06	KD3CCO	FN10cs	CR7CDF	IM58nm	21.096097	10	-28	0	5748	68	WSPR2	575	115	UberSDR
2026-06-27 17:06	KD3CCO	FN10cs	VE4DRK	EN19lu	21.096094	10	-25	0	1804	310	WSPR2	180	51	UberSDR
2026-06-27 17:05	KD3CCO	FN10cs	DL0PF	JN68rn	21.096095	10	-3	0	6828	49	WSPR2	683	624	v1.2.117
2026-06-27 17:04	KG4LDK	EM85jx	KD3CCO	FN10cs	21.096129	0.001	-25	0	712	40	WSPR2	712000	203429	3.0.1
2026-06-27 17:04	EB1A	IN53tf	KD3CCO	FN10cs	21.096086	0.5	-18	0	5572	292	WSPR2	11144	5413	3.0.1
2026-06-27 17:04	DL2WB	JN39	KD3CCO	FN10cs	21.096083	0.2	-19	0	6362	296	WSPR2	31810	14542	3.0.1
2026-06-27 17:04	W0NKA	EN35na	KD3CCO	FN10cs	21.096064	0.2	-21	0	1314	106	WSPR2	6570	2628	3.0.1
2026-06-27 17:04	HB9HZS	JN36su	KD3CCO	FN10cs	21.096056	1	-16	-1	6534	298	WSPR2	6534	3547	3.0.1
2026-06-27 17:04	KO4VYS	EL96al	KD3CCO	FN10cs	21.09605	0.2	-16	0	1635	13	WSPR2	8175	4438	3.0.1
2026-06-27 17:02	DF8PI	JN49	KD3CCO	FN10cs	21.096155	2	-19	0	6491	297	WSPR2	3246	1484	3.0.1
2026-06-27 17:02	KW4TN	EM75vu	KD3CCO	FN10cs	21.096151	5	-5	0	782	44	WSPR2	156	134	3.0.1
2026-06-27 17:02	OE6FHG	JN77	KD3CCO	FN10cs	21.096123	0.2	-25	1	6986	302	WSPR2	34930	9980	3.0.1
2026-06-27 17:02	W9RAG	EN54	KD3CCO	FN10cs	21.096113	0.2	-7	0	1007	110	WSPR2	5035	4028	3.0.1
2026-06-27 17:02	NU0I	EN32bb	KD3CCO	FN10cs	21.096087	0.2	-27	0	1347	91	WSPR2	6735	1539	3.0.1
2026-06-27 17:02	NF6S	CM97	KD3CCO	FN10cs	21.096033	0.2	-21	0	3711	71	WSPR2	18555	7422	3.0.1
2026-06-27 17:02	W6EXT	CM87wi	KD3CCO	FN10cs	21.096029	0.5	-21	-1	3806	70	WSPR2	7612	3045	3.0.1
2026-06-27 17:00	W9HIF	EM83gw	KD3CCO	FN10cs	21.096193	0.2	-17	3	910	32	WSPR2	4550	2340	3.0.1
2026-06-27 17:00	N3CHX	FM06aa	KD3CCO	FN10cs	21.096185	0.2	-26	0	561	19	WSPR2	2805	721	3.0.1
2026-06-27 17:00	KB4MG	EM74sa	KD3CCO	FN10cs	21.096161	0.02	-14	0	953	36	WSPR2	47650	28590	3.0.1
2026-06-27 17:00	KZ4RB	EL99ic	KD3CCO	FN10cs	21.096154	0.05	-24	0	1336	13	WSPR2	26720	8398	3.0.1
2026-06-27 17:00	KM4ZIA	EM84	KD3CCO	FN10cs	21.096111	0.5	-6	0	838	32	WSPR2	1676	1389	3.0.1
2026-06-27 17:00	WW0WWV	DN70mq	KD3CCO	FN10cs	21.096055	1	-29	0	2280	81	WSPR2	2280	391	3.0.1
2026-06-27 17:00	KR6RG	DM13em	KD3CCO	FN10cs	21.096035	0.2	-18	0	3589	65	WSPR2	17945	8716	3.0.1
2026-06-27 17:00	KF0SCE	EN42	KD3CCO	FN10cs	21.096009	0.2	-15	1	1116	95	WSPR2	5580	3189	3.0.1
2026-06-27 16:58	KM4BWW	EM60oj	KD3CCO	FN10cs	21.096186	0.2	-25	0	1410	33	WSPR2	7050	2014	3.0.1
2026-06-27 16:58	KB4MG	EM74sa	KD3CCO	FN10cs	21.096161	0.001	-15	0	953	36	WSPR2	953000	544571	3.0.1
2026-06-27 16:58	DF8PI	JN49	KD3CCO	FN10cs	21.096155	2	-30	0	6491	297	WSPR2	3246	464	3.0.1
2026-06-27 16:58	EA1LC	IN53si	KD3CCO	FN10cs	21.096128	0.2	-27	0	5561	292	WSPR2	27805	6355	3.0.1
2026-06-27 16:58	KB4ZVM	EM84	KD3CCO	FN10cs	21.096118	0.1	-20	0	838	32	WSPR2	8380	3591	3.0.1
2026-06-27 16:58	W6VYC	CM87	KD3CCO	FN10cs	21.096109	0.2	-26	0	3877	70	WSPR2	19385	4985	3.0.1
2026-06-27 16:58	EB1A	IN53tf	KD3CCO	FN10cs	21.096087	0.5	-13	-1	5572	292	WSPR2	11144	7005	3.0.1
2026-06-27 16:58	AL4U	FM05	KD3CCO	FN10cs	21.096081	0.2	-8	0	598	10	WSPR2	2990	2307	3.0.1
2026-06-27 16:58	W2VET	EM64	KD3CCO	FN10cs	21.096062	0.2	-20	0	1073	47	WSPR2	5365	2299	3.0.1
2026-06-27 16:58	WA4GLH	EM75je	KD3CCO	FN10cs	21.096039	5	-6	0	898	44	WSPR2	180	149	3.0.1
2026-06-27 16:58	KR6RG	DM13em	KD3CCO	FN10cs	21.096035	0.2	-20	-1	3589	65	WSPR2	17945	7691	3.0.1
2026-06-27 16:58	KF0OHU	EN35ic	KD3CCO	FN10cs	21.096004	50	5	1	1348	105	WSPR2	27	31	3.0.1
2026-06-27 16:56	KM4BWW	EM60oj	KD3CCO	FN10cs	21.096186	0.2	-17	0	1410	33	WSPR2	7050	3626	3.0.1
2026-06-27 16:56	DG1GHR	JN48ao	KD3CCO	FN10cs	21.096145	5	-8	0	6477	297	WSPR2	1295	999	3.0.1
2026-06-27 16:56	EA1LC	IN53si	KD3CCO	FN10cs	21.096127	0.2	-17	0	5561	292	WSPR2	27805	14300	3.0.1
2026-06-27 16:56	NI5F	EM70fu	KD3CCO	FN10cs	21.096118	1	-7	0	1304	30	WSPR2	1304	1043	3.0.1
2026-06-27 16:56	G0IDE	IO83pq	KD3CCO	FN10cs	21.096093	5	-11	0	5569	287	WSPR2	1114	764	3.0.1
2026-06-27 16:56	N4MGB	EM82	KD3CCO	FN10cs	21.096089	0.2	-11	0	1034	25	WSPR2	5170	3545	3.0.1
2026-06-27 16:56	WW0WWV	DN70mq	KD3CCO	FN10cs	21.096055	1	-25	0	2280	81	WSPR2	2280	651	3.0.1
2026-06-27 16:56	DL1DUZ	JO61tb	KD3CCO	FN10cs	21.096012	1	-20	0	6700	299	WSPR2	6700	2871	3.0.1
2026-06-27 16:54	G3JKF	JO00bs	KD3CCO	FN10cs	21.09617	2	-15	0	5859	291	WSPR2	2930	1674	3.0.1
2026-06-27 16:54	CT1ETL/1	IM58ob	KD3CCO	FN10cs	21.096162	5	1	0	5777	296	WSPR2	1155	1188	3.0.1
2026-06-27 16:54	N7QME	CN94	KD3CCO	FN10cs	21.096149	1	-21	0	3521	81	WSPR2	3521	1408	3.0.1
2026-06-27 16:54	DG1GHR	JN48ao	KD3CCO	FN10cs	21.096145	5	-7	0	6477	297	WSPR2	1295	1036	3.0.1
2026-06-27 16:54	N9NIC	EN55fx	KD3CCO	FN10cs	21.096135	0.2	-4	0	1111	117	WSPR2	5555	4920	3.0.1
2026-06-27 16:54	WF9E	EN50	KD3CCO	FN10cs	21.096119	0.2	-10	0	949	84	WSPR2	4745	3389	3.0.1
2026-06-27 16:54	KK0JS	EM28nx	KD3CCO	FN10cs	21.096104	0.2	-11	1	1469	77	WSPR2	7345	5037	3.0.1
2026-06-27 16:54	W1CLM	EN50uc	KD3CCO	FN10cs	21.09609	2	3	0	891	82	WSPR2	446	484	3.0.1
2026-06-27 16:54	HP1GDP	FJ09	KD3CCO	FN10cs	21.096078	0.2	-23	0	3482	2	WSPR2	17410	5969	3.0.1
2026-06-27 16:54	K5WRE	DN60	KD3CCO	FN10cs	21.096066	0.2	-24	0	2457	80	WSPR2	12285	3861	3.0.1
2026-06-27 16:54	WB4HIR	EM96	KD3CCO	FN10cs	21.096058	0.2	-20	-2	554	30	WSPR2	2770	1187	3.0.1
2026-06-27 16:54	DL1DUZ	JO61tb	KD3CCO	FN10cs	21.096058	1	-24	0	6700	299	WSPR2	6700	2106	3.0.1
2026-06-27 16:54	WW0WWV	DN70mq	KD3CCO	FN10cs	21.096055	1	-24	0	2280	81	WSPR2	2280	717	3.0.1
2026-06-27 16:54	N6UA	DN71	KD3CCO	FN10cs	21.096052	0.2	-18	0	2274	83	WSPR2	11370	5523	3.0.1
2026-06-27 16:54	KB0QBT	EN03	KD3CCO	FN10cs	21.096039	0.2	-20	0	1773	92	WSPR2	8865	3799	3.0.1
2026-06-27 16:54	AC9QY	EN52	KD3CCO	FN10cs	21.096027	0.2	-23	1	953	98	WSPR2	4765	1634	3.0.1
2026-06-27 16:54	K8CHY	EM72gn	KD3CCO	FN10cs	21.095992	1	3	0	1139	35	WSPR2	1139	1237	3.0.1
2026-06-27 16:52	KD3CCO	FN10cs	DK6UG	JN49cm	21.096095	10	-5	0	6441	50	WSPR2	644	552	WD_3.3.2-2
2026-06-27 16:52	KD3CCO	FN10cs	KV0S	EM38tv	21.096098	10	-7	0	1261	265	WSPR2	126	101	WD_3.3.2-2
2026-06-27 16:52	KD3CCO	FN10cs	KFS	CM87tj	21.096095	10	-20	0	3825	279	WSPR2	383	164	WD_3.3.2-2
2026-06-27 16:52	KD3CCO	FN10cs	DL4ZBE	JO40ba	21.096095	10	-7	0	6411	49	WSPR2	641	513	WD_3.3.2-1
2026-06-27 16:52	KD3CCO	FN10cs	G3VPW	IO91gp	21.096095	10	-8	0	5721	50	WSPR2	572	441	1.4A Kiwi
2026-06-27 16:52	KD3CCO	FN10cs	OK1HRA	JO60wa	21.09616	10	-10	0	6772	47	WSPR2	677	484	1.4A Kiwi
2026-06-27 16:52	KD3CCO	FN10cs	W7PUA	CN84jq	21.096095	10	-21	-1	3687	292	WSPR2	369	148	1.4A Kiwi
2026-06-27 16:52	KD3CCO	FN10cs	SQ3H	JO82kq	21.096094	10	-10	0	6803	44	WSPR2	680	486	web-888
2026-06-27 16:52	KD3CCO	FN10cs	K9CZI	CN83mw	21.096095	10	-13	0	3682	291	WSPR2	368	231	1.4A Kiwi
2026-06-27 16:52	KD3CCO	FN10cs	HK4RAU	FJ25	21.096095	10	-19	0	3934	175	WSPR2	393	180	1.4A Kiwi
2026-06-27 16:52	KD3CCO	FN10cs	K9IMM	EN52cv	21.096069	10	15	0	1021	287	WSPR2	102	146	CWSL_DIGI
2026-06-27 16:52	KD3CCO	FN10cs	N9AWU	EM69sm	21.096096	10	-9	0	749	262	WSPR2	75	56	web-888
2026-06-27 16:52	KD3CCO	FN10cs	VA3ROM-1	EN58jk	21.096094	10	-15	0	1240	317	WSPR2	124	71	web-888
2026-06-27 16:52	KD3CCO	FN10cs	K6RRP	DM12lw	21.096095	10	-9	0	3568	269	WSPR2	357	265	1.4A Kiwi
2026-06-27 16:52	KD3CCO	FN10cs	WO2S	FM05pv	21.096096	10	-12	0	548	189	WSPR2	55	36	1.4A Kiwi
2026-06-27 16:52	KD3CCO	FN10cs	IW3HBX	JN65an	21.096094	10	-13	0	6906	52	WSPR2	691	434	web-888
2026-06-27 16:52	KD3CCO	FN10cs	N4TTN	FM05pm	21.096096	10	-1	0	589	188	WSPR2	59	57	1.4A Kiwi
2026-06-27 16:52	KD3CCO	FN10cs	I0UVN	JN61nl	21.096093	10	-20	0	7222	56	WSPR2	722	309	WD_3.2.3-1
2026-06-27 16:52	KD3CCO	FN10cs	N0QDS	EN35ga	21.096095	10	-11	0	1358	296	WSPR2	136	93	1.4A Kiwi
2026-06-27 16:52	KD3CCO	FN10cs	HB9VQQ/KE	JN47kh	21.096095	10	-13	0	6599	52	WSPR2	660	415	WD_3.3.2-2
2026-06-27 16:52	KD3CCO	FN10cs	DL4RU	JN69cr	21.096093	10	-20	0	6684	48	WSPR2	668	286	1.4A Kiwi
2026-06-27 16:52	KD3CCO	FN10cs	DL0PF	JN68rn	21.096208	10	-22	0	6828	49	WSPR2	683	254	v1.2.114
2026-06-27 16:52	KD3CCO	FN10cs	OE9GHV	JN47wk	21.096095	10	-2	0	6658	51	WSPR2	666	628	WD_3.3.2-2
2026-06-27 16:52	KD3CCO	FN10cs	KFS/SE	CM87tj	21.096095	10	-15	0	3825	279	WSPR2	383	219	WD_3.3.2-2
2026-06-27 16:52	KD3CCO	FN10cs	HB9VQQ/RE	JN47kh	21.096103	10	-14	0	6599	52	WSPR2	660	396	WD_3.3.2-2
2026-06-27 16:52	KD3CCO	FN10cs	OE3GBB/Q	JN87aq	21.096095	10	0	0	7042	49	WSPR2	704	704	WD_3.3.2-2
2026-06-27 16:52	KD3CCO	FN10cs	G4ZFQ	IO90ir	21.096095	10	-22	0	5768	51	WSPR2	577	214	WD_3.3.2-2
2026-06-27 16:52	KD3CCO	FN10cs	KPH2	CM88mc	21.096095	10	0	0	3847	281	WSPR2	385	385	WD_3.3.2-2
2026-06-27 16:52	KD3CCO	FN10cs	HB9VQQ/RL	JN47kh	21.096096	10	-9	0	6599	52	WSPR2	660	490	WD_3.3.2-2
2026-06-27 16:52	KD3CCO	FN10cs	N6GN4	DN70ll	21.096095	10	-11	0	2291	278	WSPR2	229	157	WD_3.3.2-2
2026-06-27 16:52	KD3CCO	FN10cs	KP4MD	CM98iq	21.096095	10	-12	0	3689	281	WSPR2	369	242	WD_3.3.2-2
2026-06-27 16:52	KD3CCO	FN10cs	DC1RDB	JN58ss	21.096094	10	-17	0	6694	49	WSPR2	669	344	RP122-16
2026-06-27 16:52	KD3CCO	FN10cs	KD7EFG	DN31uo	21.096095	10	-14	0	2869	283	WSPR2	287	172	WD_3.3.2-2
2026-06-27 16:52	KD3CCO	FN10cs	KF6ZEO	CM87sr	21.096095	10	-27	0	3819	280	WSPR2	382	87	WD_3.3.2-2
2026-06-27 16:52	KD3CCO	FN10cs	DK8FT	JN58oe	21.096094	10	-23	0	6704	50	WSPR2	670	230	
2026-06-27 16:52	KD3CCO	FN10cs	HB9GZW	JN47bj	21.096099	10	-22	0	6545	52	WSPR2	655	243	WD_3.1.7
2026-06-27 16:52	KD3CCO	FN10cs	K9DZT	EN52wx	21.096095	10	2	0	889	289	WSPR2	89	94	WD_3.3.2-2
2026-06-27 16:52	KD3CCO	FN10cs	EA8BFK	IL38bo	21.096095	10	9	0	5868	82	WSPR2	587	738	WD_3.3.2-2
2026-06-27 16:52	KD3CCO	FN10cs	DK4RW/1	JO40oe	21.096095	10	0	0	6471	49	WSPR2	647	647	
2026-06-27 16:52	KD3CCO	FN10cs	K3LR	EN91se	21.096095	10	-19	0	229	283	WSPR2	23	11	WD_3.3.2-2
2026-06-27 16:52	KD3CCO	FN10cs	OE3GBB/P	JN87aq	21.096095	10	-1	0	7042	49	WSPR2	704	684	WD_3.3.2-2
2026-06-27 16:52	KD3CCO	FN10cs	GB0PSC	IO92wa	21.096095	10	-11	0	5793	50	WSPR2	579	397	WD_3.3.2-2
2026-06-27 16:52	KD3CCO	FN10cs	K6VZK	DM13nh	21.096096	10	4	0	3536	269	WSPR2	354	394	WD_3.3.2-2
2026-06-27 16:52	KD3CCO	FN10cs	G4HZX	IO91xk	21.096095	10	-10	0	5821	50	WSPR2	582	416	WD_3.3.2-2
2026-06-27 16:52	KD3CCO	FN10cs	DK8FT/A	JN58oe	21.096094	10	-25	0	6704	50	WSPR2	670	191	RP125-14
2026-06-27 16:52	KD3CCO	FN10cs	K6PZB	CM88nk	21.096095	10	-23	0	3828	281	WSPR2	383	131	WD_3.1.7
2026-06-27 16:52	KD3CCO	FN10cs	KD7EFG-1	DN31uo	21.096096	10	-13	0	2869	283	WSPR2	287	180	WD_3.3.2-2
2026-06-27 16:52	KD3CCO	FN10cs	F4VTQ/R	JN28ux	21.096094	10	-24	0	6305	51	WSPR2	631	198	RP122-16
2026-06-27 16:52	KD3CCO	FN10cs	K5MO	FM05	21.096095	10	-24	0	598	191	WSPR2	60	19	WD_3.2.3
2026-06-27 16:52	KD3CCO	FN10cs	K6FOD	DM04wc	21.096104	10	-18	0	3605	271	WSPR2	361	175	WD_3.3.2-2
2026-06-27 16:52	KD3CCO	FN10cs	W0CWA/K	DN70kk	21.096095	10	-24	0	2298	278	WSPR2	230	72	WD_3.3.2-2
2026-06-27 16:52	KD3CCO	FN10cs	HB9VQQ	JN47kh	21.096101	10	-1	0	6599	52	WSPR2	660	641	WD_3.3.2-2
2026-06-27 16:52	KD3CCO	FN10cs	DD5XX	JN48ps	21.096163	10	-20	0	6549	50	WSPR2	655	281	
2026-06-27 16:52	KD3CCO	FN10cs	PD0OHW	JO33lc	21.096095	10	-24	0	6191	46	WSPR2	619	195	WD_3.3.2-2
2026-06-27 16:52	KD3CCO	FN10cs	F1UBL	JN08xs	21.096095	10	-15	0	6066	53	WSPR2	607	347	1.4A Kiwi
2026-06-27 16:52	KD3CCO	FN10cs	KFS/OMNI	CM87tj	21.096095	10	-20	0	3825	279	WSPR2	383	164	WD_3.3.2-2
2026-06-27 16:52	KD3CCO	FN10cs	W3PM	EM64or	21.096095	10	8	0	1037	233	WSPR2	104	128	WD_3.3.2-2
2026-06-27 16:52	KD3CCO	FN10cs	KJ6MKI	CM88oi	21.096095	10	-15	0	3825	281	WSPR2	383	219	WD_3.3.2-2
2026-06-27 16:52	KD3CCO	FN10cs	N6GN5	DN70ll	21.096095	10	-14	0	2291	278	WSPR2	229	137	WD_3.3.2-2
2026-06-27 16:52	KD3CCO	FN10cs	W1CK-1	DM13ie	21.096095	10	-16	0	3577	269	WSPR2	358	194	WD_3.3.2-2
2026-06-27 16:52	KD3CCO	FN10cs	DL3TU	JN48mm	21.096133	10	-15	0	6546	51	WSPR2	655	374	
2026-06-27 16:52	KD3CCO	FN10cs	N5TNL	EM25ui	21.096095	10	-23	0	1562	253	WSPR2	156	53	WD_3.3.2-2
2026-06-27 16:52	KD3CCO	FN10cs	DJ2DS/1	JO33sn	21.096095	10	-25	0	6206	46	WSPR2	621	177	WD_3.3.2-2
2026-06-27 16:52	KD3CCO	FN10cs	K9TRV-4	EN82bi	21.096095	10	-16	0	536	291	WSPR2	54	29	WD_3.3.2-2
2026-06-27 16:52	KD3CCO	FN10cs	KX4AZ/T	EN74gc	21.096095	10	-16	0	730	303	WSPR2	73	40	WD_3.3.2-2
2026-06-27 16:52	KD3CCO	FN10cs	W1CK	DM13ie	21.096096	10	-11	0	3577	269	WSPR2	358	245	WD_3.3.2-2
2026-06-27 16:52	KD3CCO	FN10cs	DL1GCD/1	JN58oh	21.096112	10	-19	0	6698	50	WSPR2	670	306	
2026-06-27 16:52	KD3CCO	FN10cs	HB9VQQ/RS	JN47kh	21.096101	10	-1	0	6599	52	WSPR2	660	641	WD_3.3.2-2
2026-06-27 16:52	KD3CCO	FN10cs	W0WWV	DN70mq	21.096095	10	-19	0	2280	279	WSPR2	228	104	WD_3.3.2-2
2026-06-27 16:52	KD3CCO	FN10cs	KK7IXU	CN88no	21.096095	10	-25	0	3613	299	WSPR2	361	103	WD_3.3.2-2
2026-06-27 16:52	KD3CCO	FN10cs	ZL2005SWL	RE68mx	21.096094	10	-23	0	14237	245	WSPR2	1424	488	WD_3.3.2-2
2026-06-27 16:52	KD3CCO	FN10cs	AC0G/ND	EN16ov	21.096095	10	-11	0	1664	300	WSPR2	166	114	WD_3.3.2-2
2026-06-27 16:52	KD3CCO	FN10cs	M9PSY	IO86ha	21.096095	10	-27	0	5456	45	WSPR2	546	125	UberSDR
2026-06-27 16:52	KD3CCO	FN10cs	W1EUJ	DM13nh	21.096095	10	-15	0	3536	269	WSPR2	354	202	WD_3.3.2-2
2026-06-27 16:52	KD3CCO	FN10cs	PA5KT-15	JO11wl	21.0961	10	-15	0	6071	49	WSPR2	607	347	CWSL_DIGI
2026-06-27 16:52	KD3CCO	FN10cs	N4JJS	FM05pn	21.096096	10	-23	0	585	188	WSPR2	59	20	1.4A Kiwi
2026-06-27 16:52	KD3CCO	FN10cs	DL1GCD/2	JN58oh	21.096199	10	-15	0	6698	50	WSPR2	670	383	
2026-06-27 16:52	KD3CCO	FN10cs	F4LNO	JN33mo	21.096109	10	-23	0	6673	56	WSPR2	667	229	v1.2.117
2026-06-27 16:52	KD3CCO	FN10cs	DK8FT/P	JN58oe	21.096095	10	-13	0	6704	50	WSPR2	670	421	2.6.1
2026-06-27 16:52	KD3CCO	FN10cs	KA9VDU	EN53ia	21.096103	10	4	-1	983	289	WSPR2	98	109	2.5.0
2026-06-27 16:52	KD3CCO	FN10cs	EA3IOT	JN11ep	21.096094	10	-14	0	6444	60	WSPR2	644	386	web-888
2026-06-27 16:52	KD3CCO	FN10cs	KB8VME	EN61as	21.096108	10	-6	0	856	281	WSPR2	86	71	3.0.1
2026-06-27 16:52	KD3CCO	FN10cs	N3PK	EM84ss	21.096095	10	-11	0	783	213	WSPR2	78	53	1.4A Kiwi
2026-06-27 16:52	KD3CCO	FN10cs	AJ9BM	CM87tr	21.09617	10	-26	0	3813	280	WSPR2	381	98	v1.2.81
2026-06-27 16:52	KD3CCO	FN10cs	AC0G/S	EM38ww	21.096095	10	-17	0	1239	265	WSPR2	124	64	WD_4.0
2026-06-27 16:52	KD3CCO	FN10cs	SQ2WB	JO92es	21.096096	10	-16	0	6885	43	WSPR2	689	374	web-888
2026-06-27 16:52	KD3CCO	FN10cs	AC7SM	DM26ie	21.096105	10	-19	0	3278	273	WSPR2	328	150	2.6.1
2026-06-27 16:52	KD3CCO	FN10cs	W6EXT	CM87wi	21.0961	10	-13	0	3806	279	WSPR2	381	239	3.0.1
2026-06-27 16:52	KD3CCO	FN10cs	G0KTN	IO81ti	21.096121	10	-18	0	5673	51	WSPR2	567	275	SparkSDR
2026-06-27 16:52	KD3CCO	FN10cs	DL3EL	JO40hd	21.096135	10	-6	0	6436	49	WSPR2	644	534	SparkSDR
2026-06-27 16:52	KD3CCO	FN10cs	G0IDE	IO83pq	21.096086	10	-16	0	5569	48	WSPR2	557	302	2.7.0-rc3
2026-06-27 16:52	KD3CCO	FN10cs	N0CALL2FFC87	EN50mm	21.096098	10	-22	0	942	272	WSPR2	94	35	v1.2.117
2026-06-27 16:52	KD3CCO	FN10cs	VE6JY	DO33or	21.096095	10	-6	0	2967	311	WSPR2	297	246	3.0.0
2026-06-27 16:52	KD3CCO	FN10cs	N5MCB	EM13pe	21.096098	10	-28	0	1875	249	WSPR2	188	38	web-888
2026-06-27 16:52	KD3CCO	FN10cs	5Z4GO	KI96ua	21.096092	10	-22	0	12589	74	WSPR2	1259	468	web-888
2026-06-27 16:52	KD3CCO	FN10cs	KD6MXY	DN42	21.096081	10	-23	0	2753	285	WSPR2	275	94	rtlsdr-056
2026-06-27 16:52	KD3CCO	FN10cs	DH6YHO	JO31xw	21.096107	10	-21	0	6307	47	WSPR2	631	252	web-888
2026-06-27 16:52	KD3CCO	FN10cs	NN0V	EN42ba	21.096108	10	0	0	1182	281	WSPR2	118	118	3.0.1
2026-06-27 16:52	KD3CCO	FN10cs	AE5AU	EM34rq	21.096098	10	-17	0	1460	247	WSPR2	146	75	SparkSDR
2026-06-27 16:52	KD3CCO	FN10cs	M9PSY-2	IO86ha	21.096095	10	-27	0	5456	45	WSPR2	546	125	UberSDR
2026-06-27 16:52	KD3CCO	FN10cs	WESSEX	IO80qr	21.0961	10	-14	0	5679	52	WSPR2	568	341	UberSDR
2026-06-27 16:52	KD3CCO	FN10cs	K5XL	EM12kp	21.096095	10	-15	0	1940	248	WSPR2	194	111	3.0.0
2026-06-27 16:52	KD3CCO	FN10cs	NY4Q	EM84am	21.096097	10	10	0	881	220	WSPR2	88	113	UberSDR
2026-06-27 16:52	KD3CCO	FN10cs	WA4GLH	EM75je	21.096092	10	9	0	898	229	WSPR2	90	113	2.7.0
2026-06-27 16:52	KD3CCO	FN10cs	EI4HQ	IO51uu	21.096094	10	-18	0	5266	52	WSPR2	527	256	UberSDR
2026-06-27 16:52	KD3CCO	FN10cs	PH5HP	JO23wf	21.096193	10	-21	0	6119	47	WSPR2	612	245	UberSDR
2026-06-27 16:52	KD3CCO	FN10cs	ON5HB	JO21oc	21.096096	10	-17	0	6173	49	WSPR2	617	317	UberSDR
2026-06-27 16:52	KD3CCO	FN10cs	KD2M	EL87sg	21.096096	10	-6	0	1561	197	WSPR2	156	129	UberSDR
2026-06-27 16:52	KD3CCO	FN10cs	VA3ROM	EN58jk	21.096095	10	-14	0	1240	317	WSPR2	124	74	UberSDR
2026-06-27 16:52	KD3CCO	FN10cs	VE4DRK	EN19lu	21.096094	10	-24	0	1804	310	WSPR2	180	57	UberSDR
2026-06-27 16:50	NA0F	EN37	KD3CCO	FN10cs	21.096172	0.2	-15	0	1424	116	WSPR2	7120	4069	3.0.1
2026-06-27 16:50	F4WFT	IN98	KD3CCO	FN10cs	21.096158	0.2	-24	0	5876	292	WSPR2	29380	9234	3.0.1
2026-06-27 16:50	W0NKA	EN35na	KD3CCO	FN10cs	21.096138	0.2	-12	0	1314	106	WSPR2	6570	4317	3.0.1
2026-06-27 16:50	NJ6E	CM88	KD3CCO	FN10cs	21.096119	0.2	-12	0	3841	72	WSPR2	19205	12620	3.0.1
2026-06-27 16:50	KM4ZIA	EM84	KD3CCO	FN10cs	21.096111	0.2	0	0	838	32	WSPR2	4190	4190	3.0.1
2026-06-27 16:50	DL1DUZ	JO61tb	KD3CCO	FN10cs	21.096085	1	-25	0	6700	299	WSPR2	6700	1914	3.0.1
2026-06-27 16:50	WW0WWV	DN70mq	KD3CCO	FN10cs	21.096055	1	-26	0	2280	81	WSPR2	2280	586	3.0.1
2026-06-27 16:50	W7GRX	DM43am	KD3CCO	FN10cs	21.096039	0.2	-30	0	3112	65	WSPR2	15560	2223	3.0.1
2026-06-27 16:50	EA5RKP	IM99	KD3CCO	FN10cs	21.096026	0.2	-13	0	6304	298	WSPR2	31520	19813	3.0.1
2026-06-27 16:50	KF0SCE	EN42	KD3CCO	FN10cs	21.096006	0.2	-9	1	1116	95	WSPR2	5580	4145	3.0.1
2026-06-27 16:48	KD3CCO	FN10cs	KA7OEI-9	DN40ao	21.096081	10	-21	0	2862	281	WSPR2	286	114	WD_3.1.7
2026-06-27 16:48	KD3CCO	FN10cs	DL4ZBE	JO40ba	21.096095	10	-11	0	6411	49	WSPR2	641	440	WD_3.3.2-1
2026-06-27 16:48	KD3CCO	FN10cs	K9IMM	EN52cv	21.096069	10	18	0	1021	287	WSPR2	102	154	CWSL_DIGI
2026-06-27 16:48	KD3CCO	FN10cs	DK6UG	JN49cm	21.096095	10	2	0	6441	50	WSPR2	644	681	WD_3.3.2-2
2026-06-27 16:48	KD3CCO	FN10cs	KV0S	EM38tv	21.096098	10	-6	0	1261	265	WSPR2	126	104	WD_3.3.2-2
2026-06-27 16:48	KD3CCO	FN10cs	KFS	CM87tj	21.096095	10	-17	0	3825	279	WSPR2	383	197	WD_3.3.2-2
2026-06-27 16:48	KD3CCO	FN10cs	OK1HRA	JO60wa	21.09616	10	-10	0	6772	47	WSPR2	677	484	1.4A Kiwi
2026-06-27 16:48	KD3CCO	FN10cs	KC2STA-KIWI	FN22vx	21.096096	10	-22	-1	385	49	WSPR2	39	14	1.4A Kiwi
2026-06-27 16:48	KD3CCO	FN10cs	DA1VID	JO31qn	21.096095	10	-18	0	6288	48	WSPR2	629	306	1.4A Kiwi
2026-06-27 16:48	KD3CCO	FN10cs	W4KEL	FM08rd	21.096096	10	-15	0	299	193	WSPR2	30	17	web-888
2026-06-27 16:48	KD3CCO	FN10cs	N8GA-1	EN80ee	21.096094	10	-15	0	498	264	WSPR2	50	29	WD_3.3.2-1
2026-06-27 16:48	KD3CCO	FN10cs	N4TTN	FM05pm	21.096096	10	-8	0	589	188	WSPR2	59	46	1.4A Kiwi
2026-06-27 16:48	KD3CCO	FN10cs	SK6WW	JO78fm	21.096096	10	-24	0	6363	38	WSPR2	636	200	1.4A Kiwi
2026-06-27 16:48	KD3CCO	FN10cs	W7PUA	CN84jq	21.096095	10	-21	0	3687	292	WSPR2	369	148	1.4A Kiwi
2026-06-27 16:48	KD3CCO	FN10cs	SQ2WB	JO92es	21.096096	10	-17	0	6885	43	WSPR2	689	354	web-888
2026-06-27 16:48	KD3CCO	FN10cs	DG1ATN	JO50kq	21.09609	10	-27	0	6550	48	WSPR2	655	150	web-888
2026-06-27 16:48	KD3CCO	FN10cs	DL4RU	JN69cr	21.096093	10	-19	0	6684	48	WSPR2	668	305	1.4A Kiwi
2026-06-27 16:48	KD3CCO	FN10cs	VA3ROM-1	EN58jk	21.096096	10	-21	0	1240	317	WSPR2	124	50	web-888
2026-06-27 16:48	KD3CCO	FN10cs	N0QDS	EN35ga	21.096095	10	-11	0	1358	296	WSPR2	136	93	1.4A Kiwi
2026-06-27 16:48	KD3CCO	FN10cs	HK4RAU	FJ25	21.096095	10	-20	0	3934	175	WSPR2	393	168	1.4A Kiwi
2026-06-27 16:48	KD3CCO	FN10cs	IW3HBX	JN65an	21.096094	10	-12	0	6906	52	WSPR2	691	454	web-888
2026-06-27 16:48	KD3CCO	FN10cs	K9CZI	CN83mw	21.096096	10	-13	0	3682	291	WSPR2	368	231	1.4A Kiwi
2026-06-27 16:48	KD3CCO	FN10cs	K6RRP	DM12lw	21.096095	10	-12	0	3568	269	WSPR2	357	235	1.4A Kiwi
2026-06-27 16:48	KD3CCO	FN10cs	N3PK	EM84ss	21.096096	10	-10	0	783	213	WSPR2	78	56	1.4A Kiwi
2026-06-27 16:48	KD3CCO	FN10cs	DH6YHO	JO31xw	21.096107	10	-15	0	6307	47	WSPR2	631	361	web-888
2026-06-27 16:48	KD3CCO	FN10cs	HB9VQQ/RS	JN47kh	21.096101	10	-3	0	6599	52	WSPR2	660	603	WD_3.3.2-2
2026-06-27 16:48	KD3CCO	FN10cs	OE9GHV	JN47wk	21.096095	10	0	0	6658	51	WSPR2	666	666	WD_3.3.2-2
2026-06-27 16:48	KD3CCO	FN10cs	KFS/SE	CM87tj	21.096095	10	-11	0	3825	279	WSPR2	383	263	WD_3.3.2-2
2026-06-27 16:48	KD3CCO	FN10cs	G4ZFQ	IO90ir	21.096095	10	-14	0	5768	51	WSPR2	577	346	WD_3.3.2-2
2026-06-27 16:48	KD3CCO	FN10cs	DL0PF	JN68rn	21.096095	10	-1	0	6828	49	WSPR2	683	663	v1.2.117
2026-06-27 16:48	KD3CCO	FN10cs	DK8FT	JN58oe	21.096094	10	-25	0	6704	50	WSPR2	670	191	
2026-06-27 16:48	KD3CCO	FN10cs	HB9VQQ/KE	JN47kh	21.096095	10	-16	0	6599	52	WSPR2	660	358	WD_3.3.2-2
2026-06-27 16:48	KD3CCO	FN10cs	I0UVN	JN61nl	21.096093	10	-22	0	7222	56	WSPR2	722	268	WD_3.2.3-1
2026-06-27 16:48	KD3CCO	FN10cs	PI4THT	JO32kf	21.096114	10	-12	0	6226	47	WSPR2	623	409	0.6
2026-06-27 16:48	KD3CCO	FN10cs	F4VTQ/R	JN28ux	21.096094	10	-25	0	6305	51	WSPR2	631	180	RP122-16
2026-06-27 16:48	KD3CCO	FN10cs	KPH2	CM88mc	21.096095	10	-4	0	3847	281	WSPR2	385	341	WD_3.3.2-2
2026-06-27 16:48	KD3CCO	FN10cs	KD7EFG-1	DN31uo	21.096096	10	-13	0	2869	283	WSPR2	287	180	WD_3.3.2-2
2026-06-27 16:48	KD3CCO	FN10cs	K9DZT	EN52wx	21.096095	10	2	0	889	289	WSPR2	89	94	WD_3.3.2-2
2026-06-27 16:48	KD3CCO	FN10cs	N6GN4	DN70ll	21.096095	10	-14	0	2291	278	WSPR2	229	137	WD_3.3.2-2
2026-06-27 16:48	KD3CCO	FN10cs	HB9GZW	JN47bj	21.0961	10	-23	0	6545	52	WSPR2	655	225	WD_3.1.7
2026-06-27 16:48	KD3CCO	FN10cs	OE3GBB/Q	JN87aq	21.096095	10	-1	0	7042	49	WSPR2	704	684	WD_3.3.2-2
2026-06-27 16:48	KD3CCO	FN10cs	EA8BFK	IL38bo	21.096095	10	7	0	5868	82	WSPR2	587	704	WD_3.3.2-2
2026-06-27 16:48	KD3CCO	FN10cs	KF6ZEO	CM87sr	21.096096	10	-27	0	3819	280	WSPR2	382	87	WD_3.3.2-2
2026-06-27 16:48	KD3CCO	FN10cs	DK4RW/1	JO40oe	21.096095	10	-3	0	6471	49	WSPR2	647	592	
2026-06-27 16:48	KD3CCO	FN10cs	OE3GBB/P	JN87aq	21.096095	10	-4	0	7042	49	WSPR2	704	624	WD_3.3.2-2
2026-06-27 16:48	KD3CCO	FN10cs	KD7EFG	DN31uo	21.096095	10	-18	0	2869	283	WSPR2	287	139	WD_3.3.2-2
2026-06-27 16:48	KD3CCO	FN10cs	KP4MD	CM98iq	21.096095	10	-18	0	3689	281	WSPR2	369	179	WD_3.3.2-2
2026-06-27 16:48	KD3CCO	FN10cs	HB9VQQ/RE	JN47kh	21.096104	10	-15	0	6599	52	WSPR2	660	377	WD_3.3.2-2
2026-06-27 16:48	KD3CCO	FN10cs	DC1RDB	JN58ss	21.096095	10	-16	0	6694	49	WSPR2	669	363	RP122-16
2026-06-27 16:48	KD3CCO	FN10cs	KFS/OMNI	CM87tj	21.096095	10	-17	0	3825	279	WSPR2	383	197	WD_3.3.2-2
2026-06-27 16:48	KD3CCO	FN10cs	PA5KT-15	JO11wl	21.0961	10	-23	0	6071	49	WSPR2	607	208	CWSL_DIGI
2026-06-27 16:48	KD3CCO	FN10cs	K3LR	EN91se	21.096095	10	-18	0	229	283	WSPR2	23	11	WD_3.3.2-2
2026-06-27 16:48	KD3CCO	FN10cs	G4HZX	IO91xk	21.096095	10	-9	0	5821	50	WSPR2	582	432	WD_3.3.2-2
2026-06-27 16:48	KD3CCO	FN10cs	GB0PSC	IO92wa	21.096095	10	-12	0	5793	50	WSPR2	579	380	WD_3.3.2-2
2026-06-27 16:48	KD3CCO	FN10cs	N8GA	EN80ee	21.096094	10	-8	0	498	264	WSPR2	50	39	WD_3.3.2-1
2026-06-27 16:48	KD3CCO	FN10cs	PD0OHW	JO33lc	21.096094	10	-20	-1	6191	46	WSPR2	619	265	WD_3.3.2-2
2026-06-27 16:48	KD3CCO	FN10cs	K6FOD	DM04wc	21.096104	10	-16	0	3605	271	WSPR2	361	196	WD_3.3.2-2
2026-06-27 16:48	KD3CCO	FN10cs	DL3TU	JN48mm	21.096134	10	-9	0	6546	51	WSPR2	655	487	
2026-06-27 16:48	KD3CCO	FN10cs	K6PZB	CM88nk	21.096095	10	-29	0	3828	281	WSPR2	383	66	WD_3.1.7
2026-06-27 16:48	KD3CCO	FN10cs	K5MO	FM05	21.096095	10	-23	0	598	191	WSPR2	60	21	WD_3.2.3
2026-06-27 16:48	KD3CCO	FN10cs	WA7LNW	DM37gd	21.096114	10	-25	0	3089	274	WSPR2	309	88	RP122-16
2026-06-27 16:48	KD3CCO	FN10cs	K9TRV-2	EN82bi	21.096099	10	-24	0	536	291	WSPR2	54	17	WD_3.3.2-2
2026-06-27 16:48	KD3CCO	FN10cs	EA1FAQ	IN71pn	21.09621	10	-13	0	5923	63	WSPR2	592	372	v1.2.113
2026-06-27 16:48	KD3CCO	FN10cs	K9TRV-5	EN82bi	21.096095	10	-22	0	536	291	WSPR2	54	20	WD_3.3.2-2
2026-06-27 16:48	KD3CCO	FN10cs	W0CWA/K	DN70kk	21.096095	10	-24	0	2298	278	WSPR2	230	72	WD_3.3.2-2
2026-06-27 16:48	KD3CCO	FN10cs	N6GN5	DN70ll	21.096095	10	-16	0	2291	278	WSPR2	229	124	WD_3.3.2-2
2026-06-27 16:48	KD3CCO	FN10cs	K9TRV-4	EN82bi	21.096095	10	-16	0	536	291	WSPR2	54	29	WD_3.3.2-2
2026-06-27 16:48	KD3CCO	FN10cs	W0WWV	DN70mq	21.096095	10	-21	0	2280	279	WSPR2	228	91	WD_3.3.2-2
2026-06-27 16:48	KD3CCO	FN10cs	N5TNL	EM25ui	21.096095	10	-24	0	1562	253	WSPR2	156	49	WD_3.3.2-2
2026-06-27 16:48	KD3CCO	FN10cs	DD5XX	JN48ps	21.096163	10	-22	0	6549	50	WSPR2	655	243	
2026-06-27 16:48	KD3CCO	FN10cs	W3PM	EM64or	21.096095	10	9	0	1037	233	WSPR2	104	131	WD_3.3.2-2
2026-06-27 16:48	KD3CCO	FN10cs	KD2OM	FN12gx	21.096095	10	-22	0	247	6	WSPR2	25	9	WD_3.3.2-2
2026-06-27 16:48	KD3CCO	FN10cs	AC0G/ND	EN16ov	21.096095	10	-16	0	1664	300	WSPR2	166	90	WD_3.3.2-2
2026-06-27 16:48	KD3CCO	FN10cs	HB9VQQ/RL	JN47kh	21.096096	10	-11	0	6599	52	WSPR2	660	453	WD_3.3.2-2
2026-06-27 16:48	KD3CCO	FN10cs	W1CK-1	DM13ie	21.096096	10	-15	0	3577	269	WSPR2	358	205	WD_3.3.2-2
2026-06-27 16:48	KD3CCO	FN10cs	KJ6MKI	CM88oi	21.096095	10	-20	0	3825	281	WSPR2	383	164	WD_3.3.2-2
2026-06-27 16:48	KD3CCO	FN10cs	KK7IXU	CN88no	21.096095	10	-26	0	3613	299	WSPR2	361	93	WD_3.3.2-2
2026-06-27 16:48	KD3CCO	FN10cs	W1EUJ	DM13nh	21.096095	10	-14	0	3536	269	WSPR2	354	212	WD_3.3.2-2
2026-06-27 16:48	KD3CCO	FN10cs	ZL2005SWL	RE68mx	21.096094	10	-24	0	14237	245	WSPR2	1424	448	WD_3.3.2-2
2026-06-27 16:48	KD3CCO	FN10cs	UACNJ	FN20mv	21.096095	10	-20	0	239	86	WSPR2	24	10	WD_3.3.2-2
2026-06-27 16:48	KD3CCO	FN10cs	KX4AZ/T	EN74gc	21.096095	10	-20	0	730	303	WSPR2	73	31	WD_3.3.2-2
2026-06-27 16:48	KD3CCO	FN10cs	W1CK	DM13ie	21.096095	10	-10	0	3577	269	WSPR2	358	256	WD_3.3.2-2
2026-06-27 16:48	KD3CCO	FN10cs	HB9VQQ	JN47kh	21.096101	10	-3	0	6599	52	WSPR2	660	603	WD_3.3.2-2
2026-06-27 16:48	KD3CCO	FN10cs	DL1GCD/1	JN58oh	21.096112	10	-22	0	6698	50	WSPR2	670	249	
2026-06-27 16:48	KD3CCO	FN10cs	K6VZK	DM13nh	21.096096	10	3	0	3536	269	WSPR2	354	384	WD_3.3.2-2
2026-06-27 16:48	KD3CCO	FN10cs	M9PSY	IO86ha	21.096095	10	-25	0	5456	45	WSPR2	546	156	UberSDR
2026-06-27 16:48	KD3CCO	FN10cs	N4JJS	FM05pn	21.096096	10	-22	0	585	188	WSPR2	59	22	1.4A Kiwi
2026-06-27 16:48	KD3CCO	FN10cs	DL1GCD/2	JN58oh	21.096199	10	-18	0	6698	50	WSPR2	670	325	
2026-06-27 16:48	KD3CCO	FN10cs	W4BLD	EL98gw	21.096087	10	-15	0	1357	195	WSPR2	136	78	2.2.159
2026-06-27 16:48	KD3CCO	FN10cs	M9PSY-2	IO86ha	21.096095	10	-29	0	5456	45	WSPR2	546	94	UberSDR
2026-06-27 16:48	KD3CCO	FN10cs	KA9VDU	EN53ia	21.096104	10	1	0	983	289	WSPR2	98	101	2.5.0
2026-06-27 16:48	KD3CCO	FN10cs	AJ9BM	CM87tr	21.09617	10	-25	0	3813	280	WSPR2	381	109	v1.2.81
2026-06-27 16:48	KD3CCO	FN10cs	EA3IOT	JN11ep	21.096094	10	-18	0	6444	60	WSPR2	644	313	web-888
2026-06-27 16:48	KD3CCO	FN10cs	N0CALL2FFC87	EN50mm	21.096098	10	-23	0	942	272	WSPR2	94	32	v1.2.117
2026-06-27 16:48	KD3CCO	FN10cs	AJ4AV	EM73tw	21.096164	10	-19	0	956	219	WSPR2	96	44	v1.2.117
2026-06-27 16:48	KD3CCO	FN10cs	WO2S	FM05pv	21.096096	10	-19	0	548	189	WSPR2	55	25	1.4A Kiwi
2026-06-27 16:48	KD3CCO	FN10cs	ON5HB	JO21oc	21.096097	10	-24	0	6173	49	WSPR2	617	194	UberSDR
2026-06-27 16:48	KD3CCO	FN10cs	5Z4GO	KI96ua	21.096092	10	-24	0	12589	74	WSPR2	1259	396	web-888
2026-06-27 16:48	KD3CCO	FN10cs	N9AWU	EM69sm	21.096096	10	-5	0	749	262	WSPR2	75	64	web-888
2026-06-27 16:48	KD3CCO	FN10cs	VE6JY	DO33or	21.096095	10	2	0	2967	311	WSPR2	297	314	3.0.0
2026-06-27 16:48	KD3CCO	FN10cs	KB8VME	EN61as	21.096109	10	-2	0	856	281	WSPR2	86	81	3.0.1
2026-06-27 16:48	KD3CCO	FN10cs	NN0V	EN42ba	21.096109	10	7	0	1182	281	WSPR2	118	142	3.0.1
2026-06-27 16:48	KD3CCO	FN10cs	M9PSY-1	IO86ha	21.096095	10	-25	0	5456	45	WSPR2	546	156	UberSDR
2026-06-27 16:48	KD3CCO	FN10cs	AE5AU	EM34rq	21.096099	10	-17	0	1460	247	WSPR2	146	75	SparkSDR
2026-06-27 16:48	KD3CCO	FN10cs	G0KTN	IO81ti	21.096121	10	-21	0	5673	51	WSPR2	567	227	SparkSDR
2026-06-27 16:48	KD3CCO	FN10cs	KD6MXY	DN42	21.096081	10	-23	0	2753	285	WSPR2	275	94	rtlsdr-056
2026-06-27 16:48	KD3CCO	FN10cs	DK8FT/P	JN58oe	21.096095	10	-15	0	6704	50	WSPR2	670	383	2.6.1
2026-06-27 16:48	KD3CCO	FN10cs	N5MCB	EM13pe	21.096098	10	-25	0	1875	249	WSPR2	188	54	web-888
2026-06-27 16:48	KD3CCO	FN10cs	OE3GBB	JN87aq	21.096094	10	-4	0	7042	49	WSPR2	704	624	UberSDR
2026-06-27 16:48	KD3CCO	FN10cs	EI4HQ	IO51uu	21.096094	10	-17	0	5266	52	WSPR2	527	271	UberSDR
2026-06-27 16:48	KD3CCO	FN10cs	WESSEX	IO80qr	21.0961	10	-15	0	5679	52	WSPR2	568	325	UberSDR
2026-06-27 16:48	KD3CCO	FN10cs	AC7SM	DM26ie	21.096105	10	-18	0	3278	273	WSPR2	328	159	2.6.1
2026-06-27 16:48	KD3CCO	FN10cs	PH5HP	JO23wf	21.096193	10	-22	0	6119	47	WSPR2	612	227	UberSDR
2026-06-27 16:48	KD3CCO	FN10cs	F4VTQ/U	JN28ux	21.096101	10	-25	0	6305	51	WSPR2	631	180	UberSDR
2026-06-27 16:48	KD3CCO	FN10cs	NB3A	FM18cr	21.096095	10	-24	0	227	180	WSPR2	23	7	UberSDR
2026-06-27 16:48	KD3CCO	FN10cs	VA3ROM	EN58jk	21.096095	10	-20	0	1240	317	WSPR2	124	53	UberSDR
2026-06-27 16:48	KD3CCO	FN10cs	NY4Q	EM84am	21.096097	10	9	0	881	220	WSPR2	88	111	UberSDR
2026-06-27 16:48	KD3CCO	FN10cs	VE4DRK	EN19lu	21.096094	10	-22	0	1804	310	WSPR2	180	67	UberSDR
2026-06-27 16:48	KD3CCO	FN10cs	KD2M	EL87sg	21.096095	10	-22	0	1561	197	WSPR2	156	58	UberSDR
2026-06-27 16:46	KK4INZ	EL89sp	KD3CCO	FN10cs	21.096166	0.2	-4	0	1307	18	WSPR2	6535	5788	3.0.1
2026-06-27 16:46	KZ4RB	EL99ic	KD3CCO	FN10cs	21.096163	0.05	-8	0	1336	13	WSPR2	26720	20613	3.0.1
2026-06-27 16:46	DF8PI	JN49	KD3CCO	FN10cs	21.096155	2	-24	0	6491	297	WSPR2	3246	1020	3.0.1
2026-06-27 16:46	W9HIF	EM83gw	KD3CCO	FN10cs	21.096149	0.2	-10	1	910	32	WSPR2	4550	3250	3.0.1
2026-06-27 16:46	F4IDD	JN36	KD3CCO	FN10cs	21.096143	0.2	-14	1	6514	298	WSPR2	32570	19542	3.0.1
2026-06-27 16:46	NI5F	EM70fu	KD3CCO	FN10cs	21.096117	1	-7	0	1304	30	WSPR2	1304	1043	3.0.1
2026-06-27 16:46	DL6NL	JO50cb	KD3CCO	FN10cs	21.096105	0.2	-21	0	6541	298	WSPR2	32705	13082	3.0.1
2026-06-27 16:46	EB1A	IN53tf	KD3CCO	FN10cs	21.096086	0.5	-11	0	5572	292	WSPR2	11144	7642	3.0.1
2026-06-27 16:46	WW0WWV	DN70mq	KD3CCO	FN10cs	21.096055	1	-21	0	2280	81	WSPR2	2280	912	3.0.1
2026-06-27 16:46	5Z4GO	KI96ua	KD3CCO	FN10cs	21.096051	0.2	-15	0	12589	313	WSPR2	62945	35969	3.0.1
2026-06-27 16:46	N4MGB	EM82	KD3CCO	FN10cs	21.096028	0.2	-12	0	1034	25	WSPR2	5170	3397	3.0.1
2026-06-27 16:46	KD0QPC	EM38un	KD3CCO	FN10cs	21.096026	0.2	-12	0	1264	74	WSPR2	6320	4153	3.0.1
2026-06-27 16:44	KD3CCO	FN10cs	KA7OEI-9	DN40ao	21.096081	10	-19	0	2862	281	WSPR2	286	131	WD_3.1.7
2026-06-27 16:44	KD3CCO	FN10cs	DK6UG	JN49cm	21.096095	10	1	0	6441	50	WSPR2	644	662	WD_3.3.2-2
2026-06-27 16:44	KD3CCO	FN10cs	KV0S	EM38tv	21.096099	10	-3	0	1261	265	WSPR2	126	115	WD_3.3.2-2
2026-06-27 16:44	KD3CCO	FN10cs	KFS	CM87tj	21.096096	10	-25	0	3825	279	WSPR2	383	109	WD_3.3.2-2
2026-06-27 16:44	KD3CCO	FN10cs	K9IMM	EN52cv	21.096069	10	16	0	1021	287	WSPR2	102	149	CWSL_DIGI
2026-06-27 16:44	KD3CCO	FN10cs	K6RRP	DM12lw	21.096096	10	-10	0	3568	269	WSPR2	357	255	1.4A Kiwi
2026-06-27 16:44	KD3CCO	FN10cs	OK1HRA	JO60wa	21.09616	10	-11	0	6772	47	WSPR2	677	464	1.4A Kiwi
2026-06-27 16:44	KD3CCO	FN10cs	W4KEL	FM08rd	21.096096	10	-13	0	299	193	WSPR2	30	19	web-888
2026-06-27 16:44	KD3CCO	FN10cs	W7PUA	CN84jq	21.096096	10	-20	0	3687	292	WSPR2	369	158	1.4A Kiwi
2026-06-27 16:44	KD3CCO	FN10cs	HK4RAU	FJ25	21.096096	10	-22	0	3934	175	WSPR2	393	146	1.4A Kiwi
2026-06-27 16:44	KD3CCO	FN10cs	K9CZI	CN83mw	21.096096	10	-11	0	3682	291	WSPR2	368	252	1.4A Kiwi
2026-06-27 16:44	KD3CCO	FN10cs	LX1LC	JN39ep	21.096095	10	-6	0	6316	50	WSPR2	632	524	1.4A Kiwi
2026-06-27 16:44	KD3CCO	FN10cs	F1UBL	JN08xs	21.096096	10	-12	0	6066	53	WSPR2	607	399	1.4A Kiwi
2026-06-27 16:44	KD3CCO	FN10cs	N0QDS	EN35ga	21.096096	10	-11	0	1358	296	WSPR2	136	93	1.4A Kiwi
2026-06-27 16:44	KD3CCO	FN10cs	EA3IOT	JN11ep	21.096096	10	-24	0	6444	60	WSPR2	644	202	web-888
2026-06-27 16:44	KD3CCO	FN10cs	IW3HBX	JN65an	21.096094	10	-11	0	6906	52	WSPR2	691	474	web-888
2026-06-27 16:44	KD3CCO	FN10cs	DH6YHO	JO31xw	21.096107	10	-16	0	6307	47	WSPR2	631	343	web-888
2026-06-27 16:44	KD3CCO	FN10cs	N9AWU	EM69sm	21.096096	10	-5	0	749	262	WSPR2	75	64	web-888
2026-06-27 16:44	KD3CCO	FN10cs	DL4ZBE	JO40ba	21.096095	10	-9	0	6411	49	WSPR2	641	476	WD_3.3.2-1
2026-06-27 16:44	KD3CCO	FN10cs	N8GA-1	EN80ee	21.096096	10	-26	0	498	264	WSPR2	50	13	WD_3.3.2-1
2026-06-27 16:44	KD3CCO	FN10cs	WA2TP	FN30lu	21.096096	10	-23	0	400	87	WSPR2	40	14	WD_3.3.2-2
2026-06-27 16:44	KD3CCO	FN10cs	OE9GHV	JN47wk	21.096095	10	3	0	6658	51	WSPR2	666	723	WD_3.3.2-2
2026-06-27 16:44	KD3CCO	FN10cs	HB9VQQ/KE	JN47kh	21.096095	10	-13	0	6599	52	WSPR2	660	415	WD_3.3.2-2
2026-06-27 16:44	KD3CCO	FN10cs	PI4THT	JO32kf	21.096117	10	-16	0	6226	47	WSPR2	623	338	0.6
2026-06-27 16:44	KD3CCO	FN10cs	G4ZFQ	IO90ir	21.096096	10	-15	0	5768	51	WSPR2	577	330	WD_3.3.2-2
2026-06-27 16:44	KD3CCO	FN10cs	DK8FT	JN58oe	21.096095	10	-23	0	6704	50	WSPR2	670	230	
2026-06-27 16:44	KD3CCO	FN10cs	HB9VQQ/RE	JN47kh	21.096104	10	-12	0	6599	52	WSPR2	660	434	WD_3.3.2-2
2026-06-27 16:44	KD3CCO	FN10cs	OE3GBB/Q	JN87aq	21.096095	10	-3	0	7042	49	WSPR2	704	644	WD_3.3.2-2
2026-06-27 16:44	KD3CCO	FN10cs	VA3ROM-1	EN58jk	21.096096	10	-13	0	1240	317	WSPR2	124	78	web-888
2026-06-27 16:44	KD3CCO	FN10cs	DL0PF	JN68rn	21.096095	10	1	0	6828	49	WSPR2	683	703	v1.2.117
2026-06-27 16:44	KD3CCO	FN10cs	KFS/SE	CM87tj	21.096096	10	-21	0	3825	279	WSPR2	383	153	WD_3.3.2-2
2026-06-27 16:44	KD3CCO	FN10cs	N4TTN	FM05pm	21.096096	10	-9	0	589	188	WSPR2	59	44	1.4A Kiwi
2026-06-27 16:44	KD3CCO	FN10cs	DL4RU	JN69cr	21.096092	10	-18	1	6684	48	WSPR2	668	324	1.4A Kiwi
2026-06-27 16:44	KD3CCO	FN10cs	K9DZT	EN52wx	21.096095	10	5	0	889	289	WSPR2	89	102	WD_3.3.2-2
2026-06-27 16:44	KD3CCO	FN10cs	DC1RDB	JN58ss	21.096095	10	-12	0	6694	49	WSPR2	669	440	RP122-16
2026-06-27 16:44	KD3CCO	FN10cs	F4VTQ/R	JN28ux	21.096095	10	-23	0	6305	51	WSPR2	631	216	RP122-16
2026-06-27 16:44	KD3CCO	FN10cs	HB9VQQ/RL	JN47kh	21.096096	10	-7	0	6599	52	WSPR2	660	528	WD_3.3.2-2
2026-06-27 16:44	KD3CCO	FN10cs	HB9GZW	JN47bj	21.0961	10	-23	0	6545	52	WSPR2	655	225	WD_3.1.7
2026-06-27 16:44	KD3CCO	FN10cs	N6GN4	DN70ll	21.096095	10	-11	0	2291	278	WSPR2	229	157	WD_3.3.2-2
2026-06-27 16:44	KD3CCO	FN10cs	DD5XX	JN48ps	21.096164	10	-21	0	6549	50	WSPR2	655	262	
2026-06-27 16:44	KD3CCO	FN10cs	KD7EFG	DN31uo	21.096095	10	-17	0	2869	283	WSPR2	287	148	WD_3.3.2-2
2026-06-27 16:44	KD3CCO	FN10cs	GB0PSC	IO92wa	21.096095	10	-16	0	5793	50	WSPR2	579	314	WD_3.3.2-2
2026-06-27 16:44	KD3CCO	FN10cs	EA8BFK	IL38bo	21.096095	10	9	0	5868	82	WSPR2	587	738	WD_3.3.2-2
2026-06-27 16:44	KD3CCO	FN10cs	KPH2	CM88mc	21.096096	10	-3	0	3847	281	WSPR2	385	352	WD_3.3.2-2
2026-06-27 16:44	KD3CCO	FN10cs	KP4MD	CM98iq	21.096096	10	-18	0	3689	281	WSPR2	369	179	WD_3.3.2-2
2026-06-27 16:44	KD3CCO	FN10cs	N8GA	EN80ee	21.096096	10	-20	0	498	264	WSPR2	50	21	WD_3.3.2-1
2026-06-27 16:44	KD3CCO	FN10cs	DK4RW/1	JO40oe	21.096095	10	0	-1	6471	49	WSPR2	647	647	
2026-06-27 16:44	KD3CCO	FN10cs	DL2ZZ	JO31lo	21.096096	10	-21	0	6260	48	WSPR2	626	250	
2026-06-27 16:44	KD3CCO	FN10cs	I0UVN	JN61nl	21.096094	10	-20	0	7222	56	WSPR2	722	309	WD_3.2.3-1
2026-06-27 16:44	KD3CCO	FN10cs	K6FOD	DM04wc	21.096104	10	-13	0	3605	271	WSPR2	361	227	WD_3.3.2-2
2026-06-27 16:44	KD3CCO	FN10cs	K5MO	FM05	21.096096	10	-19	0	598	191	WSPR2	60	27	WD_3.2.3
2026-06-27 16:44	KD3CCO	FN10cs	DJ2DS/1	JO33sn	21.096095	10	-27	0	6206	46	WSPR2	621	142	WD_3.3.2-2
2026-06-27 16:44	KD3CCO	FN10cs	K9TRV-2	EN82bi	21.096098	10	-17	0	536	291	WSPR2	54	28	WD_3.3.2-2
2026-06-27 16:44	KD3CCO	FN10cs	G4HZX	IO91xk	21.096095	10	-6	0	5821	50	WSPR2	582	482	WD_3.3.2-2
2026-06-27 16:44	KD3CCO	FN10cs	W0CWA/K	DN70kk	21.096096	10	-24	0	2298	278	WSPR2	230	72	WD_3.3.2-2
2026-06-27 16:44	KD3CCO	FN10cs	OE3GBB/P	JN87aq	21.096095	10	-6	0	7042	49	WSPR2	704	583	WD_3.3.2-2
2026-06-27 16:44	KD3CCO	FN10cs	KD7EFG-1	DN31uo	21.096096	10	-14	0	2869	283	WSPR2	287	172	WD_3.3.2-2
2026-06-27 16:44	KD3CCO	FN10cs	OE9TAV	JN47tk	21.096095	10	-21	0	6642	51	WSPR2	664	266	WD_3.2.3-1
2026-06-27 16:44	KD3CCO	FN10cs	HB9VQQ	JN47kh	21.096101	10	-1	0	6599	52	WSPR2	660	641	WD_3.3.2-2
2026-06-27 16:44	KD3CCO	FN10cs	KD2OM	FN12gx	21.096095	10	-20	0	247	6	WSPR2	25	11	WD_3.3.2-2
2026-06-27 16:44	KD3CCO	FN10cs	K6VZK	DM13nh	21.096096	10	2	0	3536	269	WSPR2	354	374	WD_3.3.2-2
2026-06-27 16:44	KD3CCO	FN10cs	K9TRV-4	EN82bi	21.096094	10	-8	0	536	291	WSPR2	54	42	WD_3.3.2-2
2026-06-27 16:44	KD3CCO	FN10cs	K9TRV-5	EN82bi	21.096095	10	-15	0	536	291	WSPR2	54	31	WD_3.3.2-2
2026-06-27 16:44	KD3CCO	FN10cs	DL3TU	JN48mm	21.096134	10	-13	0	6546	51	WSPR2	655	412	
2026-06-27 16:44	KD3CCO	FN10cs	N4JJS	FM05pn	21.096097	10	-28	0	585	188	WSPR2	59	12	1.4A Kiwi
2026-06-27 16:44	KD3CCO	FN10cs	W1EUJ	DM13nh	21.096095	10	-12	0	3536	269	WSPR2	354	233	WD_3.3.2-2
2026-06-27 16:44	KD3CCO	FN10cs	W1CK-1	DM13ie	21.096096	10	-13	0	3577	269	WSPR2	358	225	WD_3.3.2-2
2026-06-27 16:44	KD3CCO	FN10cs	KJ6MKI	CM88oi	21.096096	10	-14	0	3825	281	WSPR2	383	230	WD_3.3.2-2
2026-06-27 16:44	KD3CCO	FN10cs	PD0OHW	JO33lc	21.096095	10	-21	0	6191	46	WSPR2	619	248	WD_3.3.2-2
2026-06-27 16:44	KD3CCO	FN10cs	W3PM	EM64or	21.096095	10	8	0	1037	233	WSPR2	104	128	WD_3.3.2-2
2026-06-27 16:44	KD3CCO	FN10cs	K6PZB	CM88nk	21.096096	10	-23	0	3828	281	WSPR2	383	131	WD_3.1.7
2026-06-27 16:44	KD3CCO	FN10cs	KK7IXU	CN88no	21.096096	10	-26	0	3613	299	WSPR2	361	93	WD_3.3.2-2
2026-06-27 16:44	KD3CCO	FN10cs	UACNJ	FN20mv	21.096095	10	-22	0	239	86	WSPR2	24	9	WD_3.3.2-2
2026-06-27 16:44	KD3CCO	FN10cs	N5TNL	EM25ui	21.096096	10	-26	0	1562	253	WSPR2	156	40	WD_3.3.2-2
2026-06-27 16:44	KD3CCO	FN10cs	HB9VQQ/RS	JN47kh	21.096101	10	-1	0	6599	52	WSPR2	660	641	WD_3.3.2-2
2026-06-27 16:44	KD3CCO	FN10cs	KX4AZ/T	EN74gc	21.096095	10	-22	0	730	303	WSPR2	73	27	WD_3.3.2-2
2026-06-27 16:44	KD3CCO	FN10cs	W0WWV	DN70mq	21.096096	10	-19	0	2280	279	WSPR2	228	104	WD_3.3.2-2
2026-06-27 16:44	KD3CCO	FN10cs	W1CK	DM13ie	21.096096	10	-10	-1	3577	269	WSPR2	358	256	WD_3.3.2-2
2026-06-27 16:44	KD3CCO	FN10cs	K9TRV	EN82bi	21.096096	10	-20	0	536	291	WSPR2	54	23	WD_3.3.2-2
2026-06-27 16:44	KD3CCO	FN10cs	ZL2005SWL	RE68mx	21.096094	10	-22	-1	14237	245	WSPR2	1424	529	WD_3.3.2-2
2026-06-27 16:44	KD3CCO	FN10cs	PA5KT-15	JO11wl	21.096102	10	-24	0	6071	49	WSPR2	607	191	CWSL_DIGI
2026-06-27 16:44	KD3CCO	FN10cs	N6GN5	DN70ll	21.096095	10	-12	0	2291	278	WSPR2	229	150	WD_3.3.2-2
2026-06-27 16:44	KD3CCO	FN10cs	DL4EAI	JO31je	21.09609	10	-19	0	6269	49	WSPR2	627	287	v1.2.53
2026-06-27 16:44	KD3CCO	FN10cs	DL1GCD/1	JN58oh	21.096112	10	-20	0	6698	50	WSPR2	670	287	
2026-06-27 16:44	KD3CCO	FN10cs	AC0G/ND	EN16ov	21.096095	10	-14	0	1664	300	WSPR2	166	100	WD_3.3.2-2
2026-06-27 16:44	KD3CCO	FN10cs	M9PSY	IO86ha	21.096095	10	-22	0	5456	45	WSPR2	546	203	UberSDR
2026-06-27 16:44	KD3CCO	FN10cs	WA7LNW	DM37gd	21.096114	10	-25	0	3089	274	WSPR2	309	88	RP122-16
2026-06-27 16:44	KD3CCO	FN10cs	EA1FAQ	IN71pn	21.09621	10	-16	0	5923	63	WSPR2	592	321	v1.2.113
2026-06-27 16:44	KD3CCO	FN10cs	VE4KRK	EN19gu	21.096096	10	-23	0	1831	310	WSPR2	183	63	1.4A Kiwi
2026-06-27 16:44	KD3CCO	FN10cs	DL1GCD/2	JN58oh	21.096199	10	-17	0	6698	50	WSPR2	670	345	
2026-06-27 16:44	KD3CCO	FN10cs	KC0KVR	EM48rp	21.09611	10	-5	0	1115	262	WSPR2	112	96	3.0.0
2026-06-27 16:44	KD3CCO	FN10cs	WA3TTS	EN90xn	21.096108	10	-21	0	191	264	WSPR2	19	8	2.6.1
2026-06-27 16:44	KD3CCO	FN10cs	SK6WW	JO78fm	21.096096	10	-20	0	6363	38	WSPR2	636	273	1.4A Kiwi
2026-06-27 16:44	KD3CCO	FN10cs	G0IDE	IO83pq	21.096086	10	-14	0	5569	48	WSPR2	557	334	2.7.0-rc3
2026-06-27 16:44	KD3CCO	FN10cs	M9PSY-1	IO86ha	21.096095	10	-22	0	5456	45	WSPR2	546	203	UberSDR
2026-06-27 16:44	KD3CCO	FN10cs	W4BLD	EL98gw	21.096087	10	-15	0	1357	195	WSPR2	136	78	2.2.159
2026-06-27 16:44	KD3CCO	FN10cs	AC9RZ	EN52	21.096125	10	-6	0	953	285	WSPR2	95	79	2.6.0
2026-06-27 16:44	KD3CCO	FN10cs	N3PK	EM84ss	21.096096	10	-9	0	783	213	WSPR2	78	58	1.4A Kiwi
2026-06-27 16:44	KD3CCO	FN10cs	N0CALL2FFC87	EN50mm	21.096098	10	-19	0	942	272	WSPR2	94	43	v1.2.117
2026-06-27 16:44	KD3CCO	FN10cs	K5XL	EM12kp	21.096095	10	-15	0	1940	248	WSPR2	194	111	3.0.0
2026-06-27 16:44	KD3CCO	FN10cs	DK8FT/P	JN58oe	21.096095	10	-12	0	6704	50	WSPR2	670	440	2.6.1
2026-06-27 16:44	KD3CCO	FN10cs	DL3EL	JO40hd	21.096135	10	-10	0	6436	49	WSPR2	644	460	SparkSDR
2026-06-27 16:44	KD3CCO	FN10cs	ON5HB	JO21oc	21.096097	10	-24	0	6173	49	WSPR2	617	194	UberSDR
2026-06-27 16:44	KD3CCO	FN10cs	WA4GLH	EM75je	21.096093	10	6	0	898	229	WSPR2	90	105	2.7.0
2026-06-27 16:44	KD3CCO	FN10cs	AC0G/S	EM38ww	21.096096	10	-11	0	1239	265	WSPR2	124	85	WD_4.0
2026-06-27 16:44	KD3CCO	FN10cs	KB8VME	EN61as	21.096109	10	-5	0	856	281	WSPR2	86	74	3.0.1
2026-06-27 16:44	KD3CCO	FN10cs	VE6JY	DO33or	21.096096	10	1	0	2967	311	WSPR2	297	305	3.0.0
2026-06-27 16:44	KD3CCO	FN10cs	AJ4AV	EM73tw	21.096164	10	-17	0	956	219	WSPR2	96	49	v1.2.117
2026-06-27 16:44	KD3CCO	FN10cs	OE9AZH	JN47tf	21.096145	10	-27	0	6653	52	WSPR2	665	152	3.0.0
2026-06-27 16:44	KD3CCO	FN10cs	WO2S	FM05pv	21.096096	10	-23	0	548	189	WSPR2	55	19	1.4A Kiwi
2026-06-27 16:44	KD3CCO	FN10cs	KD6MXY	DN42	21.096081	10	-22	0	2753	285	WSPR2	275	102	rtlsdr-056
2026-06-27 16:44	KD3CCO	FN10cs	5Z4GO	KI96ua	21.096092	10	-24	0	12589	74	WSPR2	1259	396	web-888
2026-06-27 16:44	KD3CCO	FN10cs	G0KTN	IO81ti	21.096121	10	-19	0	5673	51	WSPR2	567	259	SparkSDR
2026-06-27 16:44	KD3CCO	FN10cs	K4DDI	EL95ux	21.096096	10	-24	0	1661	189	WSPR2	166	52	web-888
2026-06-27 16:44	KD3CCO	FN10cs	DG1ATN	JO50kq	21.09609	10	-25	0	6550	48	WSPR2	655	187	web-888
2026-06-27 16:44	KD3CCO	FN10cs	W6EXT	CM87wi	21.096102	10	-15	-1	3806	279	WSPR2	381	218	3.0.1
2026-06-27 16:44	KD3CCO	FN10cs	W7BJH	CN84lx	21.096101	10	-24	0	3669	293	WSPR2	367	115	3.0.1
2026-06-27 16:44	KD3CCO	FN10cs	N5MCB	EM13pe	21.096098	10	-26	0	1875	249	WSPR2	188	48	web-888
2026-06-27 16:44	KD3CCO	FN10cs	NN0V	EN42ba	21.096113	10	4	-3	1182	281	WSPR2	118	131	3.0.1
2026-06-27 16:44	KD3CCO	FN10cs	F4VTQ/H	JN28ux	21.096101	10	-22	0	6305	51	WSPR2	631	234	SparkSDR
2026-06-27 16:44	KD3CCO	FN10cs	WESSEX	IO80qr	21.0961	10	-10	0	5679	52	WSPR2	568	406	UberSDR
2026-06-27 16:44	KD3CCO	FN10cs	AE5AU	EM34rq	21.096099	10	-13	0	1460	247	WSPR2	146	92	SparkSDR
2026-06-27 16:44	KD3CCO	FN10cs	NB3A	FM18cr	21.096095	10	-25	0	227	180	WSPR2	23	7	UberSDR
2026-06-27 16:44	KD3CCO	FN10cs	OE3GBB	JN87aq	21.096094	10	-1	0	7042	49	WSPR2	704	684	UberSDR
2026-06-27 16:44	KD3CCO	FN10cs	NY4Q	EM84am	21.096097	10	8	0	881	220	WSPR2	88	108	UberSDR
2026-06-27 16:44	KD3CCO	FN10cs	EI4HQ	IO51uu	21.096094	10	-17	0	5266	52	WSPR2	527	271	UberSDR
2026-06-27 16:44	KD3CCO	FN10cs	F4VTQ/U	JN28ux	21.096101	10	-24	0	6305	51	WSPR2	631	198	UberSDR
2026-06-27 16:44	KD3CCO	FN10cs	N4HAC	FM08xt	21.096095	10	-28	0	219	186	WSPR2	22	4	UberSDR
2026-06-27 16:44	KD3CCO	FN10cs	K5JBT	EL29ds	21.096133	10	-27	0	2028	239	WSPR2	203	46	UberSDR
2026-06-27 16:44	KD3CCO	FN10cs	VA3ROM	EN58jk	21.096095	10	-13	0	1240	317	WSPR2	124	78	UberSDR
2026-06-27 16:44	KD3CCO	FN10cs	VE4DRK	EN19lu	21.096094	10	-28	0	1804	310	WSPR2	180	36	UberSDR
2026-06-27 16:44	KD3CCO	FN10cs	KD2M	EL87sg	21.096095	10	-24	0	1561	197	WSPR2	156	49	UberSDR
2026-06-27 16:42	KB4MG	EM74sa	KD3CCO	FN10cs	21.096202	0.02	-8	0	953	36	WSPR2	47650	36759	3.0.1
2026-06-27 16:42	KO4VYS	EL96al	KD3CCO	FN10cs	21.096182	0.2	-14	0	1635	13	WSPR2	8175	4905	3.0.1
2026-06-27 16:42	KW4TN	EM75vu	KD3CCO	FN10cs	21.09615	5	8	0	782	44	WSPR2	156	192	3.0.1
2026-06-27 16:42	DL1FX	JN49gr	KD3CCO	FN10cs	21.09613	0.1	-22	0	6452	297	WSPR2	64520	23965	3.0.1
2026-06-27 16:42	W6VYC	CM87	KD3CCO	FN10cs	21.096127	0.2	-22	0	3877	70	WSPR2	19385	7200	3.0.1
2026-06-27 16:42	N2LQH	FM29pt	KD3CCO	FN10cs	21.096101	5	-21	0	282	293	WSPR2	56	22	3.0.1
2026-06-27 16:42	G0IDE	IO83pq	KD3CCO	FN10cs	21.096093	5	-12	0	5569	287	WSPR2	1114	732	3.0.1
2026-06-27 16:42	WW0WWV	DN70mq	KD3CCO	FN10cs	21.096055	1	-23	0	2280	81	WSPR2	2280	782	3.0.1
2026-06-27 16:42	KG7RDR	DN31ws	KD3CCO	FN10cs	21.096053	1	-11	0	2852	81	WSPR2	2852	1956	3.0.1
2026-06-27 16:42	W4LDT	EM63iu	KD3CCO	FN10cs	21.096046	0.2	-8	0	1138	45	WSPR2	5690	4389	3.0.1
2026-06-27 16:42	G4GCI	IO90gu	KD3CCO	FN10cs	21.096008	5	-16	0	5752	290	WSPR2	1150	624	3.0.1
2026-06-27 16:42	K0PCG	EN31	KD3CCO	FN10cs	21.096003	0.2	-17	0	1278	88	WSPR2	6390	3286	3.0.1
2026-06-27 16:40	KB4MG	EM74sa	KD3CCO	FN10cs	21.096202	0.001	-6	0	953	36	WSPR2	953000	789629	3.0.1
2026-06-27 16:40	VA6DAI	DO33em	KD3CCO	FN10cs	21.09619	5	-32	0	3015	103	WSPR2	603	52	3.0.1
2026-06-27 16:40	KO4VYS	EL96al	KD3CCO	FN10cs	21.096182	0.2	-16	0	1635	13	WSPR2	8175	4438	3.0.1
2026-06-27 16:40	KF0SCE	EN42	KD3CCO	FN10cs	21.096146	0.2	-9	1	1116	95	WSPR2	5580	4145	3.0.1
2026-06-27 16:40	AL4U	FM05	KD3CCO	FN10cs	21.096131	0.2	2	0	598	10	WSPR2	2990	3161	3.0.1
2026-06-27 16:40	KM4ZIA	EM84	KD3CCO	FN10cs	21.096112	0.1	-2	0	838	32	WSPR2	8380	7901	3.0.1
2026-06-27 16:40	DL6NL	JO50cb	KD3CCO	FN10cs	21.096105	0.2	-15	1	6541	298	WSPR2	32705	18689	3.0.1
2026-06-27 16:40	EB1A	IN53tf	KD3CCO	FN10cs	21.096085	0.5	-11	0	5572	292	WSPR2	11144	7642	3.0.1
2026-06-27 16:40	DL2WB	JN39	KD3CCO	FN10cs	21.096082	0.2	-12	0	6362	296	WSPR2	31810	20904	3.0.1
2026-06-27 16:40	WW0WWV	DN70mq	KD3CCO	FN10cs	21.096055	1	-24	0	2280	81	WSPR2	2280	717	3.0.1
2026-06-27 16:40	W4LDT	EM63iu	KD3CCO	FN10cs	21.096045	0.2	-7	0	1138	45	WSPR2	5690	4552	3.0.1
2026-06-27 16:40	G0MGZ	IO91hw	KD3CCO	FN10cs	21.096029	0.2	-23	0	5716	290	WSPR2	28580	9799	3.0.1
2026-06-27 16:38	KD3CCO	FN10cs	KA7OEI-9	DN40ao	21.096081	10	-16	0	2862	281	WSPR2	286	155	WD_3.1.7
2026-06-27 16:38	KD3CCO	FN10cs	DK6UG	JN49cm	21.096095	10	6	0	6441	50	WSPR2	644	754	WD_3.3.2-2
2026-06-27 16:38	KD3CCO	FN10cs	KV0S	EM38tv	21.096099	10	-4	0	1261	265	WSPR2	126	112	WD_3.3.2-2
2026-06-27 16:38	KD3CCO	FN10cs	KFS	CM87tj	21.096096	10	-25	0	3825	279	WSPR2	383	109	WD_3.3.2-2
2026-06-27 16:38	KD3CCO	FN10cs	K9IMM	EN52cv	21.096067	10	19	0	1021	287	WSPR2	102	157	CWSL_DIGI
2026-06-27 16:38	KD3CCO	FN10cs	G3VPW	IO91gp	21.096096	10	-17	0	5721	50	WSPR2	572	294	1.4A Kiwi
2026-06-27 16:38	KD3CCO	FN10cs	PA0SLT/4	JO33kg	21.096098	10	-25	0	6178	46	WSPR2	618	177	web-888
2026-06-27 16:38	KD3CCO	FN10cs	DL4ZBE	JO40ba	21.096095	10	-9	0	6411	49	WSPR2	641	476	WD_3.3.2-1
2026-06-27 16:38	KD3CCO	FN10cs	W4KEL	FM08rd	21.096096	10	-13	0	299	193	WSPR2	30	19	web-888
2026-06-27 16:38	KD3CCO	FN10cs	DH6YHO	JO31xw	21.096107	10	-22	0	6307	47	WSPR2	631	234	web-888
2026-06-27 16:38	KD3CCO	FN10cs	LX1LC	JN39ep	21.096095	10	-4	0	6316	50	WSPR2	632	560	1.4A Kiwi
2026-06-27 16:38	KD3CCO	FN10cs	SQ2WB	JO92es	21.096096	10	-24	0	6885	43	WSPR2	689	217	web-888
2026-06-27 16:38	KD3CCO	FN10cs	K9CZI	CN83mw	21.096096	10	-9	0	3682	291	WSPR2	368	273	1.4A Kiwi
2026-06-27 16:38	KD3CCO	FN10cs	N0QDS	EN35ga	21.096096	10	-10	0	1358	296	WSPR2	136	97	1.4A Kiwi
2026-06-27 16:38	KD3CCO	FN10cs	SK6WW	JO78fm	21.096096	10	-19	0	6363	38	WSPR2	636	291	1.4A Kiwi
2026-06-27 16:38	KD3CCO	FN10cs	N4TTN	FM05pm	21.096096	10	-4	0	589	188	WSPR2	59	52	1.4A Kiwi
2026-06-27 16:38	KD3CCO	FN10cs	W7PUA	CN84jq	21.096095	10	-21	0	3687	292	WSPR2	369	148	1.4A Kiwi
2026-06-27 16:38	KD3CCO	FN10cs	SQ3H	JO82kq	21.096096	10	-12	0	6803	44	WSPR2	680	447	web-888
2026-06-27 16:38	KD3CCO	FN10cs	N9AWU	EM69sm	21.096096	10	-4	0	749	262	WSPR2	75	66	web-888
2026-06-27 16:38	KD3CCO	FN10cs	IW3HBX	JN65an	21.096094	10	-11	0	6906	52	WSPR2	691	474	web-888
2026-06-27 16:38	KD3CCO	FN10cs	DL4RU	JN69cr	21.096093	10	-18	-1	6684	48	WSPR2	668	324	1.4A Kiwi
2026-06-27 16:38	KD3CCO	FN10cs	OK1HRA	JO60wa	21.09616	10	-9	0	6772	47	WSPR2	677	503	1.4A Kiwi
2026-06-27 16:38	KD3CCO	FN10cs	OE9GHV	JN47wk	21.096095	10	3	0	6658	51	WSPR2	666	723	WD_3.3.2-2
2026-06-27 16:38	KD3CCO	FN10cs	KFS/SE	CM87tj	21.096096	10	-21	0	3825	279	WSPR2	383	153	WD_3.3.2-2
2026-06-27 16:38	KD3CCO	FN10cs	N8GA-1	EN80ee	21.096095	10	-28	0	498	264	WSPR2	50	10	WD_3.3.2-1
2026-06-27 16:38	KD3CCO	FN10cs	KPH2	CM88mc	21.096095	10	-2	0	3847	281	WSPR2	385	363	WD_3.3.2-2
2026-06-27 16:38	KD3CCO	FN10cs	KD7EFG-1	DN31uo	21.096096	10	-11	0	2869	283	WSPR2	287	197	WD_3.3.2-2
2026-06-27 16:38	KD3CCO	FN10cs	G4ZFQ	IO90ir	21.096095	10	-24	0	5768	51	WSPR2	577	181	WD_3.3.2-2
2026-06-27 16:38	KD3CCO	FN10cs	HB9VQQ	JN47kh	21.096101	10	-3	0	6599	52	WSPR2	660	603	WD_3.3.2-2
2026-06-27 16:38	KD3CCO	FN10cs	N6GN4	DN70ll	21.096095	10	-5	0	2291	278	WSPR2	229	196	WD_3.3.2-2
2026-06-27 16:38	KD3CCO	FN10cs	DK4RW/1	JO40oe	21.096095	10	0	0	6471	49	WSPR2	647	647	
2026-06-27 16:38	KD3CCO	FN10cs	K9DZT	EN52wx	21.096096	10	8	0	889	289	WSPR2	89	109	WD_3.3.2-2
2026-06-27 16:38	KD3CCO	FN10cs	DC1RDB	JN58ss	21.096095	10	-16	0	6694	49	WSPR2	669	363	RP122-16
2026-06-27 16:38	KD3CCO	FN10cs	DK8FT	JN58oe	21.096095	10	-23	0	6704	50	WSPR2	670	230	
2026-06-27 16:38	KD3CCO	FN10cs	KD9NYE	EN50er	21.096183	10	-9	0	996	274	WSPR2	100	74	DS_0.35.1
2026-06-27 16:38	KD3CCO	FN10cs	OE3GBB/Q	JN87aq	21.096095	10	-4	0	7042	49	WSPR2	704	624	WD_3.3.2-2
2026-06-27 16:38	KD3CCO	FN10cs	DL0PF	JN68rn	21.096095	10	1	0	6828	49	WSPR2	683	703	v1.2.117
2026-06-27 16:38	KD3CCO	FN10cs	K6RRP	DM12lw	21.096096	10	-12	0	3568	269	WSPR2	357	235	1.4A Kiwi
2026-06-27 16:38	KD3CCO	FN10cs	PI4THT	JO32kf	21.096115	10	-17	0	6226	47	WSPR2	623	320	0.6
2026-06-27 16:38	KD3CCO	FN10cs	KP4MD	CM98iq	21.096096	10	-24	0	3689	281	WSPR2	369	116	WD_3.3.2-2
2026-06-27 16:38	KD3CCO	FN10cs	KD7EFG	DN31uo	21.096095	10	-14	0	2869	283	WSPR2	287	172	WD_3.3.2-2
2026-06-27 16:38	KD3CCO	FN10cs	HB9GZW	JN47bj	21.0961	10	-25	0	6545	52	WSPR2	655	187	WD_3.1.7
2026-06-27 16:38	KD3CCO	FN10cs	OE3GBB/P	JN87aq	21.096095	10	-5	0	7042	49	WSPR2	704	603	WD_3.3.2-2
2026-06-27 16:38	KD3CCO	FN10cs	DL4EAI	JO31je	21.09609	10	-23	0	6269	49	WSPR2	627	215	v1.2.53
2026-06-27 16:38	KD3CCO	FN10cs	N8GA	EN80ee	21.096096	10	-26	0	498	264	WSPR2	50	13	WD_3.3.2-1
2026-06-27 16:38	KD3CCO	FN10cs	K5MO	FM05	21.096096	10	-20	0	598	191	WSPR2	60	26	WD_3.2.3
2026-06-27 16:38	KD3CCO	FN10cs	K3LR	EN91se	21.096095	10	-15	0	229	283	WSPR2	23	13	WD_3.3.2-2
2026-06-27 16:38	KD3CCO	FN10cs	GB0PSC	IO92wa	21.096095	10	-20	0	5793	50	WSPR2	579	248	WD_3.3.2-2
2026-06-27 16:38	KD3CCO	FN10cs	KD2OM	FN12gx	21.096096	10	-22	0	247	6	WSPR2	25	9	WD_3.3.2-2
2026-06-27 16:38	KD3CCO	FN10cs	K9TRV-4	EN82bi	21.096096	10	-6	0	536	291	WSPR2	54	45	WD_3.3.2-2
2026-06-27 16:38	KD3CCO	FN10cs	N2YCH	FN31jg	21.096096	10	-24	0	388	80	WSPR2	39	12	WD_3.3.2-2
2026-06-27 16:38	KD3CCO	FN10cs	DD5XX	JN48ps	21.096163	10	-20	0	6549	50	WSPR2	655	281	
2026-06-27 16:38	KD3CCO	FN10cs	PD0OHW	JO33lc	21.096095	10	-19	0	6191	46	WSPR2	619	283	WD_3.3.2-2
2026-06-27 16:38	KD3CCO	FN10cs	EA8BFK	IL38bo	21.096096	10	4	0	5868	82	WSPR2	587	654	WD_3.3.2-2
2026-06-27 16:38	KD3CCO	FN10cs	KJ6MKI	CM88oi	21.096096	10	-22	0	3825	281	WSPR2	383	142	WD_3.3.2-2
2026-06-27 16:38	KD3CCO	FN10cs	K9TRV-5	EN82bi	21.096097	10	-11	0	536	291	WSPR2	54	37	WD_3.3.2-2
2026-06-27 16:38	KD3CCO	FN10cs	DL3TU	JN48mm	21.096134	10	-12	0	6546	51	WSPR2	655	430	
2026-06-27 16:38	KD3CCO	FN10cs	OE9TAV	JN47tk	21.096095	10	-19	1	6642	51	WSPR2	664	304	WD_3.2.3-1
2026-06-27 16:38	KD3CCO	FN10cs	G4HZX	IO91xk	21.096095	10	-8	0	5821	50	WSPR2	582	449	WD_3.3.2-2
2026-06-27 16:38	KD3CCO	FN10cs	UACNJ	FN20mv	21.096095	10	-19	0	239	86	WSPR2	24	11	WD_3.3.2-2
2026-06-27 16:38	KD3CCO	FN10cs	K9TRV	EN82bi	21.096097	10	-22	0	536	291	WSPR2	54	20	WD_3.3.2-2
2026-06-27 16:38	KD3CCO	FN10cs	K9TRV-2	EN82bi	21.0961	10	-17	0	536	291	WSPR2	54	28	WD_3.3.2-2
2026-06-27 16:38	KD3CCO	FN10cs	HB9VQQ/KE	JN47kh	21.096095	10	-17	0	6599	52	WSPR2	660	339	WD_3.3.2-2
2026-06-27 16:38	KD3CCO	FN10cs	DJ2DS/1	JO33sn	21.096095	10	-27	0	6206	46	WSPR2	621	142	WD_3.3.2-2
2026-06-27 16:38	KD3CCO	FN10cs	K6FOD	DM04wc	21.096104	10	-25	0	3605	271	WSPR2	361	103	WD_3.3.2-2
2026-06-27 16:38	KD3CCO	FN10cs	PA5KT-15	JO11wl	21.096102	10	-25	0	6071	49	WSPR2	607	173	CWSL_DIGI
2026-06-27 16:38	KD3CCO	FN10cs	F4VTQ/R	JN28ux	21.096095	10	-24	0	6305	51	WSPR2	631	198	RP122-16
2026-06-27 16:38	KD3CCO	FN10cs	WA7LNW	DM37gd	21.096114	10	-23	0	3089	274	WSPR2	309	106	RP122-16
2026-06-27 16:38	KD3CCO	FN10cs	K6VZK	DM13nh	21.096096	10	1	0	3536	269	WSPR2	354	364	WD_3.3.2-2
2026-06-27 16:38	KD3CCO	FN10cs	W1CK-1	DM13ie	21.096096	10	-16	0	3577	269	WSPR2	358	194	WD_3.3.2-2
2026-06-27 16:38	KD3CCO	FN10cs	N5TNL	EM25ui	21.096096	10	-20	0	1562	253	WSPR2	156	67	WD_3.3.2-2
2026-06-27 16:38	KD3CCO	FN10cs	ZL2005SWL	RE68mx	21.096094	10	-27	0	14237	245	WSPR2	1424	325	WD_3.3.2-2
2026-06-27 16:38	KD3CCO	FN10cs	W0CWA/K	DN70kk	21.096096	10	-17	0	2298	278	WSPR2	230	118	WD_3.3.2-2
2026-06-27 16:38	KD3CCO	FN10cs	AC0G/ND	EN16ov	21.096095	10	-10	0	1664	300	WSPR2	166	119	WD_3.3.2-2
2026-06-27 16:38	KD3CCO	FN10cs	VA3ROM-1	EN58jk	21.096096	10	-8	0	1240	317	WSPR2	124	96	web-888
2026-06-27 16:38	KD3CCO	FN10cs	W1CK	DM13ie	21.096096	10	-12	0	3577	269	WSPR2	358	235	WD_3.3.2-2
2026-06-27 16:38	KD3CCO	FN10cs	W0WWV	DN70mq	21.096095	10	-16	0	2280	279	WSPR2	228	124	WD_3.3.2-2
2026-06-27 16:38	KD3CCO	FN10cs	N6GN5	DN70ll	21.096095	10	-8	0	2291	278	WSPR2	229	177	WD_3.3.2-2
2026-06-27 16:38	KD3CCO	FN10cs	N4JJS	FM05pn	21.096095	10	-25	0	585	188	WSPR2	59	17	1.4A Kiwi
2026-06-27 16:38	KD3CCO	FN10cs	W1EUJ	DM13nh	21.096096	10	-15	0	3536	269	WSPR2	354	202	WD_3.3.2-2
2026-06-27 16:38	KD3CCO	FN10cs	HB9VQQ/RE	JN47kh	21.096104	10	-15	0	6599	52	WSPR2	660	377	WD_3.3.2-2
2026-06-27 16:38	KD3CCO	FN10cs	M9PSY	IO86ha	21.096095	10	-24	0	5456	45	WSPR2	546	172	UberSDR
2026-06-27 16:38	KD3CCO	FN10cs	HB9VQQ/RL	JN47kh	21.096096	10	-10	0	6599	52	WSPR2	660	471	WD_3.3.2-2
2026-06-27 16:38	KD3CCO	FN10cs	KK7IXU	CN88no	21.096096	10	-26	0	3613	299	WSPR2	361	93	WD_3.3.2-2
2026-06-27 16:38	KD3CCO	FN10cs	HB9VQQ/RS	JN47kh	21.096101	10	-3	0	6599	52	WSPR2	660	603	WD_3.3.2-2
2026-06-27 16:38	KD3CCO	FN10cs	DL1GCD/1	JN58oh	21.096112	10	-20	0	6698	50	WSPR2	670	287	
2026-06-27 16:38	KD3CCO	FN10cs	G0IDE	IO83pq	21.096086	10	-19	0	5569	48	WSPR2	557	255	2.7.0-rc3
2026-06-27 16:38	KD3CCO	FN10cs	DL1GCD/2	JN58oh	21.096198	10	-18	0	6698	50	WSPR2	670	325	
2026-06-27 16:38	KD3CCO	FN10cs	KX4TH	DM78pw	21.096121	10	-22	0	2298	274	WSPR2	230	85	v1.2.89
2026-06-27 16:38	KD3CCO	FN10cs	VE6JY	DO33or	21.096096	10	-4	0	2967	311	WSPR2	297	263	3.0.0
2026-06-27 16:38	KD3CCO	FN10cs	EA3IOT	JN11ep	21.096096	10	-21	0	6444	60	WSPR2	644	258	web-888
2026-06-27 16:38	KD3CCO	FN10cs	N3PK	EM84ss	21.096096	10	-13	0	783	213	WSPR2	78	49	1.4A Kiwi
2026-06-27 16:38	KD3CCO	FN10cs	DG1ATN	JO50kq	21.09609	10	-24	0	6550	48	WSPR2	655	206	web-888
2026-06-27 16:38	KD3CCO	FN10cs	ON5HB	JO21oc	21.096097	10	-23	0	6173	49	WSPR2	617	212	UberSDR
2026-06-27 16:38	KD3CCO	FN10cs	WO2S	FM05pv	21.096096	10	-21	0	548	189	WSPR2	55	22	1.4A Kiwi
2026-06-27 16:38	KD3CCO	FN10cs	5Z4GO	KI96ua	21.096092	10	-25	0	12589	74	WSPR2	1259	360	web-888
2026-06-27 16:38	KD3CCO	FN10cs	N0CALL2FFC87	EN50mm	21.096098	10	-18	0	942	272	WSPR2	94	46	v1.2.117
2026-06-27 16:38	KD3CCO	FN10cs	DK8FT/P	JN58oe	21.096095	10	-14	0	6704	50	WSPR2	670	402	2.6.1
2026-06-27 16:38	KD3CCO	FN10cs	EA1FAQ	IN71pn	21.09621	10	-13	0	5923	63	WSPR2	592	372	v1.2.113
2026-06-27 16:38	KD3CCO	FN10cs	VE4KRK	EN19gu	21.096097	10	-24	0	1831	310	WSPR2	183	58	1.4A Kiwi
2026-06-27 16:38	KD3CCO	FN10cs	NN0V	EN42ba	21.096108	10	8	0	1182	281	WSPR2	118	145	3.0.1
2026-06-27 16:38	KD3CCO	FN10cs	M9PSY-1	IO86ha	21.096095	10	-24	0	5456	45	WSPR2	546	172	UberSDR
2026-06-27 16:38	KD3CCO	FN10cs	AJ4AV	EM73tw	21.096164	10	-14	0	956	219	WSPR2	96	58	v1.2.117
2026-06-27 16:38	KD3CCO	FN10cs	G0KTN	IO81ti	21.096121	10	-22	0	5673	51	WSPR2	567	211	SparkSDR
2026-06-27 16:38	KD3CCO	FN10cs	DL3EL	JO40hd	21.096135	10	-9	0	6436	49	WSPR2	644	478	SparkSDR
2026-06-27 16:38	KD3CCO	FN10cs	WESSEX	IO80qr	21.0961	10	-8	0	5679	52	WSPR2	568	438	UberSDR
2026-06-27 16:38	KD3CCO	FN10cs	KD6MXY	DN42	21.096081	10	-21	0	2753	285	WSPR2	275	110	rtlsdr-056
2026-06-27 16:38	KD3CCO	FN10cs	N5MCB	EM13pe	21.096098	10	-27	0	1875	249	WSPR2	188	43	web-888
2026-06-27 16:38	KD3CCO	FN10cs	F4VTQ/H	JN28ux	21.096101	10	-21	0	6305	51	WSPR2	631	252	SparkSDR
2026-06-27 16:38	KD3CCO	FN10cs	AE5AU	EM34rq	21.096099	10	-14	0	1460	247	WSPR2	146	88	SparkSDR
2026-06-27 16:38	KD3CCO	FN10cs	K4DDI	EL95ux	21.096096	10	-25	0	1661	189	WSPR2	166	47	web-888
2026-06-27 16:38	KD3CCO	FN10cs	OE3GBB	JN87aq	21.096094	10	-7	0	7042	49	WSPR2	704	563	UberSDR
2026-06-27 16:38	KD3CCO	FN10cs	K3GMQ	FN20lh	21.096095	10	-27	0	238	101	WSPR2	24	5	UberSDR
2026-06-27 16:38	KD3CCO	FN10cs	PH5HP	JO23wf	21.096193	10	-25	0	6119	47	WSPR2	612	175	UberSDR
2026-06-27 16:38	KD3CCO	FN10cs	F4VTQ/U	JN28ux	21.096101	10	-23	0	6305	51	WSPR2	631	216	UberSDR
2026-06-27 16:38	KD3CCO	FN10cs	EI4HQ	IO51uu	21.096094	10	-23	0	5266	52	WSPR2	527	181	UberSDR
2026-06-27 16:38	KD3CCO	FN10cs	NY4Q	EM84am	21.096097	10	14	0	881	220	WSPR2	88	123	UberSDR
2026-06-27 16:38	KD3CCO	FN10cs	NB3A	FM18cr	21.096095	10	-24	0	227	180	WSPR2	23	7	UberSDR
2026-06-27 16:38	KD3CCO	FN10cs	VA3ROM	EN58jk	21.096095	10	-8	0	1240	317	WSPR2	124	96	UberSDR
2026-06-27 16:38	KD3CCO	FN10cs	VE4DRK	EN19lu	21.096094	10	-25	0	1804	310	WSPR2	180	51	UberSDR
2026-06-27 16:38	KD3CCO	FN10cs	KD2M	EL87sg	21.096095	10	-21	0	1561	197	WSPR2	156	62	UberSDR
2026-06-27 16:36	W2VET	EM64	KD3CCO	FN10cs	21.096198	0.2	-15	0	1073	47	WSPR2	5365	3066	3.0.1
2026-06-27 16:36	WE4AUB	EM73tx	KD3CCO	FN10cs	21.096168	5	7	0	953	36	WSPR2	191	229	3.0.1
2026-06-27 16:36	KB0VYG	EN11vi	KD3CCO	FN10cs	21.096156	0.2	-14	0	1543	86	WSPR2	7715	4629	3.0.1
2026-06-27 16:36	WA6ATI	DM14bb	KD3CCO	FN10cs	21.096131	0.2	-23	0	3585	66	WSPR2	17925	6146	3.0.1
2026-06-27 16:36	NI5F	EM70fu	KD3CCO	FN10cs	21.096117	1	-7	0	1304	30	WSPR2	1304	1043	3.0.1
2026-06-27 16:36	G0IDE	IO83pq	KD3CCO	FN10cs	21.096094	5	-14	0	5569	287	WSPR2	1114	668	3.0.1
2026-06-27 16:36	W0NKA	EN35na	KD3CCO	FN10cs	21.096089	0.2	-19	0	1314	106	WSPR2	6570	3003	3.0.1
2026-06-27 16:36	N4MGB	EM82	KD3CCO	FN10cs	21.096089	0.2	-13	0	1034	25	WSPR2	5170	3250	3.0.1
2026-06-27 16:36	NJ9Y	EN52wd	KD3CCO	FN10cs	21.096081	0.2	-10	0	874	97	WSPR2	4370	3121	3.0.1
2026-06-27 16:36	AE9J	EM69rs	KD3CCO	FN10cs	21.096076	0.2	-22	0	750	79	WSPR2	3750	1393	3.0.1
2026-06-27 16:36	N3CHX	FM06aa	KD3CCO	FN10cs	21.09607	0.2	-14	0	561	19	WSPR2	2805	1683	3.0.1
2026-06-27 16:36	WW0WWV	DN70mq	KD3CCO	FN10cs	21.096055	1	-19	0	2280	81	WSPR2	2280	1042	3.0.1
2026-06-27 16:34	KD3CCO	FN10cs	KA7OEI-9	DN40ao	21.096081	10	-14	0	2862	281	WSPR2	286	172	WD_3.1.7
2026-06-27 16:34	KD3CCO	FN10cs	K9IMM	EN52cv	21.096067	10	20	0	1021	287	WSPR2	102	160	CWSL_DIGI
2026-06-27 16:34	KD3CCO	FN10cs	DK6UG	JN49cm	21.096095	10	0	0	6441	50	WSPR2	644	644	WD_3.3.2-2
2026-06-27 16:34	KD3CCO	FN10cs	KV0S	EM38tv	21.096099	10	-3	0	1261	265	WSPR2	126	115	WD_3.3.2-2
2026-06-27 16:34	KD3CCO	FN10cs	IZ6198SWL	JN61vq	21.096096	10	-26	0	7255	55	WSPR2	726	187	1.4A Kiwi
2026-06-27 16:34	KD3CCO	FN10cs	G6MC/K	IO94eb	21.096096	10	-18	0	5624	48	WSPR2	562	273	1.4A Kiwi
2026-06-27 16:34	KD3CCO	FN10cs	OK1HRA	JO60wa	21.09616	10	-10	0	6772	47	WSPR2	677	484	1.4A Kiwi
2026-06-27 16:34	KD3CCO	FN10cs	LX1LC	JN39ep	21.096095	10	-1	0	6316	50	WSPR2	632	614	1.4A Kiwi
2026-06-27 16:34	KD3CCO	FN10cs	SQ2WB	JO92es	21.096096	10	-22	0	6885	43	WSPR2	689	256	web-888
2026-06-27 16:34	KD3CCO	FN10cs	DL4ZBE	JO40ba	21.096095	10	-6	0	6411	49	WSPR2	641	531	WD_3.3.2-1
2026-06-27 16:34	KD3CCO	FN10cs	HK4RAU	FJ25	21.096096	10	-22	0	3934	175	WSPR2	393	146	1.4A Kiwi
2026-06-27 16:34	KD3CCO	FN10cs	IW3HBX	JN65an	21.096094	10	-16	0	6906	52	WSPR2	691	375	web-888
2026-06-27 16:34	KD3CCO	FN10cs	G4MEM/K	IO94fa	21.096095	10	-26	0	5631	48	WSPR2	563	145	1.4A Kiwi
2026-06-27 16:34	KD3CCO	FN10cs	LA3FY/2	JP40fj	21.096107	10	-13	0	5969	38	WSPR2	597	375	1.4A Kiwi
2026-06-27 16:34	KD3CCO	FN10cs	K9CZI	CN83mw	21.096096	10	-11	0	3682	291	WSPR2	368	252	1.4A Kiwi
2026-06-27 16:34	KD3CCO	FN10cs	W7PUA	CN84jq	21.096096	10	-20	0	3687	292	WSPR2	369	158	1.4A Kiwi
2026-06-27 16:34	KD3CCO	FN10cs	HB9UFQ	JN36mv	21.096095	10	-23	0	6498	53	WSPR2	650	223	1.4A Kiwi
2026-06-27 16:34	KD3CCO	FN10cs	DL4RU	JN69cr	21.096094	10	-13	0	6684	48	WSPR2	668	420	1.4A Kiwi
2026-06-27 16:34	KD3CCO	FN10cs	EA3IOT	JN11ep	21.096096	10	-25	0	6444	60	WSPR2	644	184	web-888
2026-06-27 16:34	KD3CCO	FN10cs	SK6WW	JO78fm	21.096096	10	-27	0	6363	38	WSPR2	636	145	1.4A Kiwi
2026-06-27 16:34	KD3CCO	FN10cs	N4TTN	FM05pm	21.096096	10	-11	0	589	188	WSPR2	59	40	1.4A Kiwi
2026-06-27 16:34	KD3CCO	FN10cs	WO2S	FM05pv	21.096095	10	-21	1	548	189	WSPR2	55	22	1.4A Kiwi
2026-06-27 16:34	KD3CCO	FN10cs	W4ZW	EM96eg	21.096096	10	4	0	601	215	WSPR2	60	67	1.4A Kiwi
2026-06-27 16:34	KD3CCO	FN10cs	K6RRP	DM12lw	21.096096	10	-3	0	3568	269	WSPR2	357	326	1.4A Kiwi
2026-06-27 16:34	KD3CCO	FN10cs	N8BTR	EN55we	21.096096	10	9	0	972	304	WSPR2	97	122	1.4A Kiwi
2026-06-27 16:34	KD3CCO	FN10cs	N0QDS	EN35ga	21.096096	10	-12	0	1358	296	WSPR2	136	89	1.4A Kiwi
2026-06-27 16:34	KD3CCO	FN10cs	5Z4GO	KI96ua	21.09609	10	-25	0	12589	74	WSPR2	1259	360	web-888
2026-06-27 16:34	KD3CCO	FN10cs	N3PK	EM84ss	21.096096	10	-7	0	783	213	WSPR2	78	62	1.4A Kiwi
2026-06-27 16:34	KD3CCO	FN10cs	N9AWU	EM69sm	21.096096	10	-3	0	749	262	WSPR2	75	69	web-888
2026-06-27 16:34	KD3CCO	FN10cs	VA3ROM-1	EN58jk	21.096096	10	-8	0	1240	317	WSPR2	124	96	web-888
2026-06-27 16:34	KD3CCO	FN10cs	K4DDI	EL95ux	21.096096	10	-25	0	1661	189	WSPR2	166	47	web-888
2026-06-27 16:34	KD3CCO	FN10cs	HB9VQQ	JN47kh	21.096101	10	-5	0	6599	52	WSPR2	660	566	WD_3.3.2-2
2026-06-27 16:34	KD3CCO	FN10cs	OE9GHV	JN47wk	21.096095	10	4	0	6658	51	WSPR2	666	742	WD_3.3.2-2
2026-06-27 16:34	KD3CCO	FN10cs	WA2TP	FN30lu	21.096096	10	-23	0	400	87	WSPR2	40	14	WD_3.3.2-2
2026-06-27 16:34	KD3CCO	FN10cs	DK4RW/1	JO40oe	21.096095	10	0	0	6471	49	WSPR2	647	647	
2026-06-27 16:34	KD3CCO	FN10cs	HB9VQQ/RS	JN47kh	21.096101	10	-5	0	6599	52	WSPR2	660	566	WD_3.3.2-2
2026-06-27 16:34	KD3CCO	FN10cs	PI4THT	JO32kf	21.096116	10	-20	-1	6226	47	WSPR2	623	267	0.6
2026-06-27 16:34	KD3CCO	FN10cs	DL0PF	JN68rn	21.096095	10	2	0	6828	49	WSPR2	683	722	v1.2.117
2026-06-27 16:34	KD3CCO	FN10cs	KFS/SE	CM87tj	21.096095	10	-24	0	3825	279	WSPR2	383	120	WD_3.3.2-2
2026-06-27 16:34	KD3CCO	FN10cs	OE3GBB/Q	JN87aq	21.096094	10	-2	0	7042	49	WSPR2	704	664	WD_3.3.2-2
2026-06-27 16:34	KD3CCO	FN10cs	DD5XX	JN48ps	21.096163	10	-18	0	6549	50	WSPR2	655	318	
2026-06-27 16:34	KD3CCO	FN10cs	KPH2	CM88mc	21.096095	10	-12	0	3847	281	WSPR2	385	253	WD_3.3.2-2
2026-06-27 16:34	KD3CCO	FN10cs	DK8FT	JN58oe	21.096094	10	-19	0	6704	50	WSPR2	670	306	
2026-06-27 16:34	KD3CCO	FN10cs	DC1RDB	JN58ss	21.096094	10	-15	0	6694	49	WSPR2	669	382	RP122-16
2026-06-27 16:34	KD3CCO	FN10cs	DL3TU	JN48mm	21.096134	10	-11	0	6546	51	WSPR2	655	449	
2026-06-27 16:34	KD3CCO	FN10cs	OE9TAV	JN47tk	21.096094	10	-18	0	6642	51	WSPR2	664	323	WD_3.2.3-1
2026-06-27 16:34	KD3CCO	FN10cs	K9DZT	EN52wx	21.096096	10	8	0	889	289	WSPR2	89	109	WD_3.3.2-2
2026-06-27 16:34	KD3CCO	FN10cs	N6GN4	DN70ll	21.096095	10	-6	0	2291	278	WSPR2	229	190	WD_3.3.2-2
2026-06-27 16:34	KD3CCO	FN10cs	I0UVN	JN61nl	21.096094	10	-27	0	7222	56	WSPR2	722	165	WD_3.2.3-1
2026-06-27 16:34	KD3CCO	FN10cs	KD7EFG	DN31uo	21.096095	10	-14	0	2869	283	WSPR2	287	172	WD_3.3.2-2
2026-06-27 16:34	KD3CCO	FN10cs	KD7EFG-1	DN31uo	21.096096	10	-12	0	2869	283	WSPR2	287	189	WD_3.3.2-2
2026-06-27 16:34	KD3CCO	FN10cs	HB9VQQ/KE	JN47kh	21.096095	10	-17	0	6599	52	WSPR2	660	339	WD_3.3.2-2
2026-06-27 16:34	KD3CCO	FN10cs	KP4MD	CM98iq	21.096096	10	-22	0	3689	281	WSPR2	369	137	WD_3.3.2-2
2026-06-27 16:34	KD3CCO	FN10cs	N8GA	EN80ee	21.096096	10	-24	1	498	264	WSPR2	50	16	WD_3.3.2-1
2026-06-27 16:34	KD3CCO	FN10cs	EA8BFK	IL38bo	21.096095	10	11	0	5868	82	WSPR2	587	771	WD_3.3.2-2
2026-06-27 16:34	KD3CCO	FN10cs	GB0PSC	IO92wa	21.096095	10	-19	0	5793	50	WSPR2	579	265	WD_3.3.2-2
2026-06-27 16:34	KD3CCO	FN10cs	OE3GBB/P	JN87aq	21.096095	10	-7	0	7042	49	WSPR2	704	563	WD_3.3.2-2
2026-06-27 16:34	KD3CCO	FN10cs	K9TRV-5	EN82bi	21.096096	10	0	-1	536	291	WSPR2	54	54	WD_3.3.2-2
2026-06-27 16:34	KD3CCO	FN10cs	W0CWA/K	DN70kk	21.096095	10	-19	0	2298	278	WSPR2	230	105	WD_3.3.2-2
2026-06-27 16:34	KD3CCO	FN10cs	G4HZX	IO91xk	21.096095	10	-12	0	5821	50	WSPR2	582	382	WD_3.3.2-2
2026-06-27 16:34	KD3CCO	FN10cs	K6FOD	DM04wc	21.096104	10	-18	0	3605	271	WSPR2	361	175	WD_3.3.2-2
2026-06-27 16:34	KD3CCO	FN10cs	K6VZK	DM13nh	21.096096	10	2	0	3536	269	WSPR2	354	374	WD_3.3.2-2
2026-06-27 16:34	KD3CCO	FN10cs	F1UBL	JN08xs	21.096095	10	-20	0	6066	53	WSPR2	607	260	1.4A Kiwi
2026-06-27 16:34	KD3CCO	FN10cs	DK8FT/A	JN58oe	21.096094	10	-20	0	6704	50	WSPR2	670	287	RP125-14
2026-06-27 16:34	KD3CCO	FN10cs	HB9VQQ/RE	JN47kh	21.096104	10	-16	0	6599	52	WSPR2	660	358	WD_3.3.2-2
2026-06-27 16:34	KD3CCO	FN10cs	KD2OM	FN12gx	21.096095	10	-20	0	247	6	WSPR2	25	11	WD_3.3.2-2
2026-06-27 16:34	KD3CCO	FN10cs	UACNJ	FN20mv	21.096095	10	-19	0	239	86	WSPR2	24	11	WD_3.3.2-2
2026-06-27 16:34	KD3CCO	FN10cs	N6GN5	DN70ll	21.096095	10	-10	0	2291	278	WSPR2	229	164	WD_3.3.2-2
2026-06-27 16:34	KD3CCO	FN10cs	K9TRV-2	EN82bi	21.096099	10	-4	0	536	291	WSPR2	54	48	WD_3.3.2-2
2026-06-27 16:34	KD3CCO	FN10cs	W1CK-1	DM13ie	21.096096	10	-16	0	3577	269	WSPR2	358	194	WD_3.3.2-2
2026-06-27 16:34	KD3CCO	FN10cs	F4VTQ/R	JN28ux	21.096094	10	-24	0	6305	51	WSPR2	631	198	RP122-16
2026-06-27 16:34	KD3CCO	FN10cs	W0WWV	DN70mq	21.096095	10	-12	0	2280	279	WSPR2	228	150	WD_3.3.2-2
2026-06-27 16:34	KD3CCO	FN10cs	DJ2DS/1	JO33sn	21.096095	10	-29	0	6206	46	WSPR2	621	106	WD_3.3.2-2
2026-06-27 16:34	KD3CCO	FN10cs	K9TRV-4	EN82bi	21.096095	10	7	0	536	291	WSPR2	54	65	WD_3.3.2-2
2026-06-27 16:34	KD3CCO	FN10cs	W1CK	DM13ie	21.096096	10	-13	0	3577	269	WSPR2	358	225	WD_3.3.2-2
2026-06-27 16:34	KD3CCO	FN10cs	HB9VQQ/RL	JN47kh	21.096096	10	-11	0	6599	52	WSPR2	660	453	WD_3.3.2-2
2026-06-27 16:34	KD3CCO	FN10cs	KX4AZ/T	EN74gc	21.096095	10	-25	0	730	303	WSPR2	73	21	WD_3.3.2-2
2026-06-27 16:34	KD3CCO	FN10cs	PD0OHW	JO33lc	21.096094	10	-13	0	6191	46	WSPR2	619	389	WD_3.3.2-2
2026-06-27 16:34	KD3CCO	FN10cs	K9TRV	EN82bi	21.096096	10	-9	0	536	291	WSPR2	54	40	WD_3.3.2-2
2026-06-27 16:34	KD3CCO	FN10cs	DL1GCD/1	JN58oh	21.096112	10	-12	0	6698	50	WSPR2	670	440	
2026-06-27 16:34	KD3CCO	FN10cs	DL6EBP	JO30dw	21.096118	10	-28	0	6250	49	WSPR2	625	125	4.0 r6470
2026-06-27 16:34	KD3CCO	FN10cs	ZL2005SWL	RE68mx	21.096094	10	-25	0	14237	245	WSPR2	1424	407	WD_3.3.2-2
2026-06-27 16:34	KD3CCO	FN10cs	W1EUJ	DM13nh	21.096096	10	-15	0	3536	269	WSPR2	354	202	WD_3.3.2-2
2026-06-27 16:34	KD3CCO	FN10cs	WA3TTS	EN90xn	21.096109	10	-23	0	191	264	WSPR2	19	7	2.6.1
2026-06-27 16:34	KD3CCO	FN10cs	WA7LNW	DM37gd	21.096114	10	-28	0	3089	274	WSPR2	309	62	RP122-16
2026-06-27 16:34	KD3CCO	FN10cs	EA5JTTSWL	IM99kp	21.096089	10	-25	0	6289	64	WSPR2	629	180	
2026-06-27 16:34	KD3CCO	FN10cs	N5TNL	EM25ui	21.096095	10	-18	0	1562	253	WSPR2	156	76	WD_3.3.2-2
2026-06-27 16:34	KD3CCO	FN10cs	M9PSY	IO86ha	21.096095	10	-27	0	5456	45	WSPR2	546	125	UberSDR
2026-06-27 16:34	KD3CCO	FN10cs	EA1FAQ	IN71pn	21.09621	10	-13	0	5923	63	WSPR2	592	372	v1.2.113
2026-06-27 16:34	KD3CCO	FN10cs	SA1CKE	JO97hn	21.096113	10	-13	0	6629	38	WSPR2	663	417	3.0.0
2026-06-27 16:34	KD3CCO	FN10cs	KK7IXU	CN88no	21.096095	10	-26	0	3613	299	WSPR2	361	93	WD_3.3.2-2
2026-06-27 16:34	KD3CCO	FN10cs	AC0G/ND	EN16ov	21.096095	10	-12	0	1664	300	WSPR2	166	109	WD_3.3.2-2
2026-06-27 16:34	KD3CCO	FN10cs	N8HKU	EN82ee	21.096088	10	-17	0	511	290	WSPR2	51	26	2.7.0
2026-06-27 16:34	KD3CCO	FN10cs	DL1GCD/2	JN58oh	21.096198	10	-10	0	6698	50	WSPR2	670	479	
2026-06-27 16:34	KD3CCO	FN10cs	G0IDE	IO83pq	21.096086	10	-17	0	5569	48	WSPR2	557	286	2.7.0-rc3
2026-06-27 16:34	KD3CCO	FN10cs	KF9KV	EN52et	21.096094	10	19	0	1006	287	WSPR2	101	156	3.0.0
2026-06-27 16:34	KD3CCO	FN10cs	KZ4IK	FM08vi	21.096087	10	-20	0	271	188	WSPR2	27	12	2.7.0
2026-06-27 16:34	KD3CCO	FN10cs	N2KPQ	EM94qw	21.096097	10	2	0	695	202	WSPR2	70	74	2.7.0
2026-06-27 16:34	KD3CCO	FN10cs	AC9RZ	EN52	21.096125	10	-4	0	953	285	WSPR2	95	84	2.6.0
2026-06-27 16:34	KD3CCO	FN10cs	N1SRC/WB	DN23ai	21.096096	10	-8	0	3136	288	WSPR2	314	242	3.0.2-deve
2026-06-27 16:34	KD3CCO	FN10cs	W3BX	FM19	21.09611	10	-30	0	157	156	WSPR2	16	2	2.7.0-rc3
2026-06-27 16:34	KD3CCO	FN10cs	OE9AZH	JN47tf	21.096145	10	-21	0	6653	52	WSPR2	665	266	3.0.0
2026-06-27 16:34	KD3CCO	FN10cs	WA1RAJ	FN42dt	21.096136	10	-10	0	553	64	WSPR2	55	39	2.1.0
2026-06-27 16:34	KD3CCO	FN10cs	N8MH	FM05pk	21.096102	10	-7	0	598	188	WSPR2	60	48	3.1.0
2026-06-27 16:34	KD3CCO	FN10cs	W7BJH	CN84lx	21.096101	10	-23	0	3669	293	WSPR2	367	126	3.0.1
2026-06-27 16:34	KD3CCO	FN10cs	G0KTN	IO81ti	21.096121	10	-23	0	5673	51	WSPR2	567	194	SparkSDR
2026-06-27 16:34	KD3CCO	FN10cs	W6EXT	CM87wi	21.096101	10	-20	0	3806	279	WSPR2	381	163	3.0.1
2026-06-27 16:34	KD3CCO	FN10cs	KI4TWB/0	EM72hp	21.096118	10	0	0	1127	219	WSPR2	113	113	2.8.0
2026-06-27 16:34	KD3CCO	FN10cs	HZ1SF	LL34hq	21.096094	10	-27	0	10749	49	WSPR2	1075	246	web-888
2026-06-27 16:34	KD3CCO	FN10cs	N6RY	DM33sp	21.096092	10	-19	0	3148	267	WSPR2	315	144	3.0.1
2026-06-27 16:34	KD3CCO	FN10cs	VE6JY	DO33or	21.096096	10	-14	0	2967	311	WSPR2	297	178	web-888
2026-06-27 16:34	KD3CCO	FN10cs	KQ2Y	FN31gn	21.096115	10	-22	0	373	75	WSPR2	37	14	v1.2.117
2026-06-27 16:34	KD3CCO	FN10cs	WESSEX	IO80qr	21.0961	10	-9	0	5679	52	WSPR2	568	422	UberSDR
2026-06-27 16:34	KD3CCO	FN10cs	SA5JBN	JO89lw	21.096102	10	-23	0	6420	36	WSPR2	642	220	2.7.0
2026-06-27 16:34	KD3CCO	FN10cs	DK8FT/P	JN58oe	21.096095	10	-10	0	6704	50	WSPR2	670	479	2.6.1
2026-06-27 16:34	KD3CCO	FN10cs	KA9VDU	EN53ia	21.096103	10	6	0	983	289	WSPR2	98	115	2.5.0
2026-06-27 16:34	KD3CCO	FN10cs	KB8VME	EN61as	21.096109	10	-2	0	856	281	WSPR2	86	81	3.0.1
2026-06-27 16:34	KD3CCO	FN10cs	OZ1BFM	JO66bb	21.096096	10	-21	0	6355	42	WSPR2	636	254	1.4A Kiwi
2026-06-27 16:34	KD3CCO	FN10cs	E28AC	OK06fs	21.096114	10	-23	1	13614	2	WSPR2	1361	467	2.5.1
2026-06-27 16:34	KD3CCO	FN10cs	CT1ETL/1	IM58ob	21.096047	10	-3	-2	5777	69	WSPR2	578	528	3.0.0-rc1
2026-06-27 16:34	KD3CCO	FN10cs	G4MRS	JO02	21.096161	10	-16	0	5844	49	WSPR2	584	317	2.7.0
2026-06-27 16:34	KD3CCO	FN10cs	AC0G/S	EM38ww	21.096095	10	-14	0	1239	265	WSPR2	124	74	WD_4.0
2026-06-27 16:34	KD3CCO	FN10cs	KE8OIR	EM79sm	21.096094	10	-11	0	583	258	WSPR2	58	40	3.0.1
2026-06-27 16:34	KD3CCO	FN10cs	K0RAE/W	EN36au	21.096106	10	-24	0	1459	303	WSPR2	146	46	2.7.0
2026-06-27 16:34	KD3CCO	FN10cs	KG5ABO	EM12hp	21.096122	10	-24	0	1959	249	WSPR2	196	62	3.1.0
2026-06-27 16:34	KD3CCO	FN10cs	N0CALL2FFC87	EN50mm	21.096098	10	-18	0	942	272	WSPR2	94	46	v1.2.117
2026-06-27 16:34	KD3CCO	FN10cs	W4BLD	EL98gw	21.096086	10	-16	0	1357	195	WSPR2	136	74	2.2.159
2026-06-27 16:34	KD3CCO	FN10cs	KC0KVR	EM48rp	21.096098	10	-2	0	1115	262	WSPR2	112	106	3.0.0
2026-06-27 16:34	KD3CCO	FN10cs	OE3GBB	JN87aq	21.096094	10	-7	0	7042	49	WSPR2	704	563	UberSDR
2026-06-27 16:34	KD3CCO	FN10cs	DL3EL	JO40hd	21.096135	10	-9	0	6436	49	WSPR2	644	478	SparkSDR
2026-06-27 16:34	KD3CCO	FN10cs	W1CLM	EN50uc	21.09611	10	-12	0	891	269	WSPR2	89	58	3.0.2
2026-06-27 16:34	KD3CCO	FN10cs	KQ4PLL	EM63um	21.096149	10	-6	0	1102	226	WSPR2	110	91	3.1.0
2026-06-27 16:34	KD3CCO	FN10cs	K3GMQ	FN20lh	21.096095	10	-27	0	238	101	WSPR2	24	5	UberSDR
2026-06-27 16:34	KD3CCO	FN10cs	M0PWX	JO01ij	21.096094	10	-29	0	5872	50	WSPR2	587	101	2.7.0-rc3
2026-06-27 16:34	KD3CCO	FN10cs	DG1ATN	JO50kq	21.09609	10	-23	0	6550	48	WSPR2	655	225	web-888
2026-06-27 16:34	KD3CCO	FN10cs	KE8VOX	EN81sj	21.096098	10	-17	0	397	282	WSPR2	40	21	2.6.1
2026-06-27 16:34	KD3CCO	FN10cs	K6MCS	CM98hq	21.096108	10	-29	0	3696	281	WSPR2	370	63	3.0.0
2026-06-27 16:34	KD3CCO	FN10cs	KQ4DTX	EM78rc	21.09609	10	-2	0	651	245	WSPR2	65	61	3.0.0
2026-06-27 16:34	KD3CCO	FN10cs	NN0V	EN42ba	21.096109	10	5	0	1182	281	WSPR2	118	135	3.0.1
2026-06-27 16:34	KD3CCO	FN10cs	KD6MXY	DN42	21.096081	10	-20	0	2753	285	WSPR2	275	118	rtlsdr-056
2026-06-27 16:34	KD3CCO	FN10cs	K5XL	EM12kp	21.096095	10	-13	0	1940	248	WSPR2	194	122	3.0.0
2026-06-27 16:34	KD3CCO	FN10cs	AE5AU	EM34rq	21.096099	10	-14	0	1460	247	WSPR2	146	88	SparkSDR
2026-06-27 16:34	KD3CCO	FN10cs	M9PSY-1	IO86ha	21.096095	10	-27	0	5456	45	WSPR2	546	125	UberSDR
2026-06-27 16:34	KD3CCO	FN10cs	F4VTQ/H	JN28ux	21.096101	10	-21	0	6305	51	WSPR2	631	252	SparkSDR
2026-06-27 16:34	KD3CCO	FN10cs	N5MCB	EM13pe	21.096098	10	-25	0	1875	249	WSPR2	188	54	web-888
2026-06-27 16:34	KD3CCO	FN10cs	WA4GLH	EM75je	21.096093	10	5	0	898	229	WSPR2	90	103	2.7.0
2026-06-27 16:34	KD3CCO	FN10cs	ON5HB	JO21oc	21.096097	10	-24	0	6173	49	WSPR2	617	194	UberSDR
2026-06-27 16:34	KD3CCO	FN10cs	NB3A	FM18cr	21.096095	10	-24	0	227	180	WSPR2	23	7	UberSDR
2026-06-27 16:34	KD3CCO	FN10cs	NY4Q	EM84am	21.096097	10	12	0	881	220	WSPR2	88	118	UberSDR
2026-06-27 16:34	KD3CCO	FN10cs	N0KSU	EM19rf	21.096102	10	-22	0	1603	270	WSPR2	160	59	3.0.1
2026-06-27 16:34	KD3CCO	FN10cs	VE5CRL	DO62rc	21.096146	10	-27	0	2514	310	WSPR2	251	57	3.0.0
2026-06-27 16:34	KD3CCO	FN10cs	HP1COO	FJ08bn	21.096101	10	-20	0	3587	184	WSPR2	359	154	2.5.1
2026-06-27 16:34	KD3CCO	FN10cs	N7LEM	DM78pw	21.096106	10	-27	0	2298	274	WSPR2	230	53	2.7.0
2026-06-27 16:34	KD3CCO	FN10cs	EI4HQ	IO51uu	21.096094	10	-24	0	5266	52	WSPR2	527	166	UberSDR
2026-06-27 16:34	KD3CCO	FN10cs	VA3ROM	EN58jk	21.096095	10	-7	0	1240	317	WSPR2	124	99	UberSDR
2026-06-27 16:34	KD3CCO	FN10cs	F4VTQ/U	JN28ux	21.096101	10	-23	0	6305	51	WSPR2	631	216	UberSDR
2026-06-27 16:34	KD3CCO	FN10cs	VE4DRK	EN19lu	21.096094	10	-26	0	1804	310	WSPR2	180	46	UberSDR
2026-06-27 16:34	KD3CCO	FN10cs	K5JBT	EL29ds	21.096133	10	-28	0	2028	239	WSPR2	203	41	UberSDR
2026-06-27 16:34	KD3CCO	FN10cs	KD2M	EL87sg	21.096095	10	-21	0	1561	197	WSPR2	156	62	UberSDR
2026-06-27 16:32	VE3LPB	FN03	KD3CCO	FN10cs	21.096199	0.2	-28	1	318	161	WSPR2	1590	318	3.0.1
2026-06-27 16:32	KZ4RB	EL99ic	KD3CCO	FN10cs	21.096162	0.05	-18	0	1336	13	WSPR2	26720	12978	3.0.1
2026-06-27 16:32	K0PCG	EN31	KD3CCO	FN10cs	21.096154	0.2	-23	0	1278	88	WSPR2	6390	2191	3.0.1
2026-06-27 16:32	N0NZ	EN34	KD3CCO	FN10cs	21.096148	0.2	-23	0	1312	103	WSPR2	6560	2249	3.0.1
2026-06-27 16:32	EA1LC	IN53si	KD3CCO	FN10cs	21.096084	0.2	-23	0	5561	292	WSPR2	27805	9533	3.0.1
2026-06-27 16:32	KM4GA	EM74	KD3CCO	FN10cs	21.096103	5	-2	0	946	40	WSPR2	189	178	3.0.1
2026-06-27 16:32	WW0WWV	DN70mq	KD3CCO	FN10cs	21.096055	1	-17	0	2280	81	WSPR2	2280	1173	3.0.1
2026-06-27 16:32	KG4LDK	EM85jx	KD3CCO	FN10cs	21.096001	0.001	-18	0	712	40	WSPR2	712000	345829	3.0.1
2026-06-27 16:30	KD3CCO	FN10cs	KA7OEI-9	DN40ao	21.096081	10	-15	0	2862	281	WSPR2	286	163	WD_3.1.7
2026-06-27 16:30	KD3CCO	FN10cs	DK6UG	JN49cm	21.096095	10	4	0	6441	50	WSPR2	644	718	WD_3.3.2-2
2026-06-27 16:30	KD3CCO	FN10cs	KV0S	EM38tv	21.096098	10	-4	0	1261	265	WSPR2	126	112	WD_3.3.2-2
2026-06-27 16:30	KD3CCO	FN10cs	DL4ZBE	JO40ba	21.096095	10	-10	0	6411	49	WSPR2	641	458	WD_3.3.2-1
2026-06-27 16:30	KD3CCO	FN10cs	LX1LC	JN39ep	21.096095	10	-3	0	6316	50	WSPR2	632	578	1.4A Kiwi
2026-06-27 16:30	KD3CCO	FN10cs	OK1HRA	JO60wa	21.096161	10	-3	0	6772	47	WSPR2	677	619	1.4A Kiwi
2026-06-27 16:30	KD3CCO	FN10cs	G7ELK	IO90jv	21.096096	10	-22	0	5767	51	WSPR2	577	214	web-888
2026-06-27 16:30	KD3CCO	FN10cs	F1UBL	JN08xs	21.096095	10	-16	0	6066	53	WSPR2	607	330	1.4A Kiwi
2026-06-27 16:30	KD3CCO	FN10cs	DL1XH	JO43lw	21.096095	10	-25	0	6273	45	WSPR2	627	179	1.4A Kiwi
2026-06-27 16:30	KD3CCO	FN10cs	DL4RU	JN69cr	21.096094	10	-20	0	6684	48	WSPR2	668	286	1.4A Kiwi
2026-06-27 16:30	KD3CCO	FN10cs	SK6WW	JO78fm	21.096095	10	-23	0	6363	38	WSPR2	636	218	1.4A Kiwi
2026-06-27 16:30	KD3CCO	FN10cs	N9AWU	EM69sm	21.096096	10	2	0	749	262	WSPR2	75	79	web-888
2026-06-27 16:30	KD3CCO	FN10cs	5Z4GO	KI96ua	21.09609	10	-23	0	12589	74	WSPR2	1259	432	web-888
2026-06-27 16:30	KD3CCO	FN10cs	IW3HBX	JN65an	21.096094	10	-21	0	6906	52	WSPR2	691	276	web-888
2026-06-27 16:30	KD3CCO	FN10cs	N0QDS	EN35ga	21.096095	10	-11	0	1358	296	WSPR2	136	93	1.4A Kiwi
2026-06-27 16:30	KD3CCO	FN10cs	K4DDI	EL95ux	21.096094	10	-25	0	1661	189	WSPR2	166	47	web-888
2026-06-27 16:30	KD3CCO	FN10cs	K9IMM	EN52cv	21.096067	10	22	0	1021	287	WSPR2	102	166	CWSL_DIGI
2026-06-27 16:30	KD3CCO	FN10cs	OE9GHV	JN47wk	21.096095	10	-4	0	6658	51	WSPR2	666	590	WD_3.3.2-2
2026-06-27 16:30	KD3CCO	FN10cs	PA1JMS	JO21cx	21.096095	10	-28	0	6071	48	WSPR2	607	121	
2026-06-27 16:30	KD3CCO	FN10cs	G4ZFQ	IO90ir	21.096095	10	-13	0	5768	51	WSPR2	577	363	WD_3.3.2-2
2026-06-27 16:30	KD3CCO	FN10cs	K9DZT	EN52wx	21.096096	10	11	0	889	289	WSPR2	89	117	WD_3.3.2-2
2026-06-27 16:30	KD3CCO	FN10cs	PI4THT	JO32kf	21.096116	10	-17	1	6226	47	WSPR2	623	320	0.6
2026-06-27 16:30	KD3CCO	FN10cs	HB9VQQ/KE	JN47kh	21.096095	10	-19	0	6599	52	WSPR2	660	302	WD_3.3.2-2
2026-06-27 16:30	KD3CCO	FN10cs	N6GN4	DN70ll	21.096095	10	-5	0	2291	278	WSPR2	229	196	WD_3.3.2-2
2026-06-27 16:30	KD3CCO	FN10cs	OE3GBB/Q	JN87aq	21.096095	10	0	0	7042	49	WSPR2	704	704	WD_3.3.2-2
2026-06-27 16:30	KD3CCO	FN10cs	DK8FT/A	JN58oe	21.096093	10	-21	0	6704	50	WSPR2	670	268	RP125-14
2026-06-27 16:30	KD3CCO	FN10cs	KP4MD	CM98iq	21.096095	10	-26	0	3689	281	WSPR2	369	95	WD_3.3.2-2
2026-06-27 16:30	KD3CCO	FN10cs	DK4RW/1	JO40oe	21.096095	10	-3	0	6471	49	WSPR2	647	592	
2026-06-27 16:30	KD3CCO	FN10cs	DK8FT	JN58oe	21.096094	10	-19	0	6704	50	WSPR2	670	306	
2026-06-27 16:30	KD3CCO	FN10cs	EA8BFK	IL38bo	21.096095	10	12	0	5868	82	WSPR2	587	788	WD_3.3.2-2
2026-06-27 16:30	KD3CCO	FN10cs	HB9VQQ/RE	JN47kh	21.096103	10	-17	0	6599	52	WSPR2	660	339	WD_3.3.2-2
2026-06-27 16:30	KD3CCO	FN10cs	KD7EFG-1	DN31uo	21.096096	10	-12	0	2869	283	WSPR2	287	189	WD_3.3.2-2
2026-06-27 16:30	KD3CCO	FN10cs	KD7EFG	DN31uo	21.096095	10	-13	0	2869	283	WSPR2	287	180	WD_3.3.2-2
2026-06-27 16:30	KD3CCO	FN10cs	W7PUA	CN84jq	21.096096	10	-20	0	3687	292	WSPR2	369	158	1.4A Kiwi
2026-06-27 16:30	KD3CCO	FN10cs	WA7LNW	DM37gd	21.096114	10	-23	0	3089	274	WSPR2	309	106	RP122-16
2026-06-27 16:30	KD3CCO	FN10cs	K9TRV-5	EN82bi	21.096096	10	-1	-2	536	291	WSPR2	54	52	WD_3.3.2-2
2026-06-27 16:30	KD3CCO	FN10cs	DC1RDB	JN58ss	21.096094	10	-16	0	6694	49	WSPR2	669	363	RP122-16
2026-06-27 16:30	KD3CCO	FN10cs	G4HZX	IO91xk	21.096095	10	-9	0	5821	50	WSPR2	582	432	WD_3.3.2-2
2026-06-27 16:30	KD3CCO	FN10cs	OE3GBB/P	JN87aq	21.096095	10	-2	0	7042	49	WSPR2	704	664	WD_3.3.2-2
2026-06-27 16:30	KD3CCO	FN10cs	K3LR	EN91se	21.096095	10	-7	0	229	283	WSPR2	23	18	WD_3.3.2-2
2026-06-27 16:30	KD3CCO	FN10cs	KD2OM	FN12gx	21.096095	10	-20	0	247	6	WSPR2	25	11	WD_3.3.2-2
2026-06-27 16:30	KD3CCO	FN10cs	I0UVN	JN61nl	21.096094	10	-27	0	7222	56	WSPR2	722	165	WD_3.2.3-1
2026-06-27 16:30	KD3CCO	FN10cs	HB9VQQ/RL	JN47kh	21.096096	10	-14	0	6599	52	WSPR2	660	396	WD_3.3.2-2
2026-06-27 16:30	KD3CCO	FN10cs	K6FOD	DM04wc	21.096061	10	-20	0	3605	271	WSPR2	361	155	WD_3.3.2-2
2026-06-27 16:30	KD3CCO	FN10cs	GB0PSC	IO92wa	21.096095	10	-17	0	5793	50	WSPR2	579	298	WD_3.3.2-2
2026-06-27 16:30	KD3CCO	FN10cs	DD5XX	JN48ps	21.096163	10	-17	0	6549	50	WSPR2	655	337	
2026-06-27 16:30	KD3CCO	FN10cs	DJ2DS/1	JO33sn	21.096094	10	-25	0	6206	46	WSPR2	621	177	WD_3.3.2-2
2026-06-27 16:30	KD3CCO	FN10cs	N5TNL	EM25ui	21.096095	10	-22	0	1562	253	WSPR2	156	58	WD_3.3.2-2
2026-06-27 16:30	KD3CCO	FN10cs	W1EUJ	DM13nh	21.096096	10	-21	0	3536	269	WSPR2	354	142	WD_3.3.2-2
2026-06-27 16:30	KD3CCO	FN10cs	PD0OHW	JO33lc	21.096095	10	-20	0	6191	46	WSPR2	619	265	WD_3.3.2-2
2026-06-27 16:30	KD3CCO	FN10cs	UACNJ	FN20mv	21.096095	10	-15	0	239	86	WSPR2	24	14	WD_3.3.2-2
2026-06-27 16:30	KD3CCO	FN10cs	K6VZK	DM13nh	21.096096	10	-4	0	3536	269	WSPR2	354	314	WD_3.3.2-2
2026-06-27 16:30	KD3CCO	FN10cs	W1CK-1	DM13ie	21.096096	10	-22	0	3577	269	WSPR2	358	133	WD_3.3.2-2
2026-06-27 16:30	KD3CCO	FN10cs	K9TRV-4	EN82bi	21.096096	10	4	-2	536	291	WSPR2	54	60	WD_3.3.2-2
2026-06-27 16:30	KD3CCO	FN10cs	K9TRV	EN82bi	21.096097	10	-11	-2	536	291	WSPR2	54	37	WD_3.3.2-2
2026-06-27 16:30	KD3CCO	FN10cs	VA3ROM-1	EN58jk	21.096094	10	-4	0	1240	317	WSPR2	124	110	web-888
2026-06-27 16:30	KD3CCO	FN10cs	W0WWV	DN70mq	21.096095	10	-14	0	2280	279	WSPR2	228	137	WD_3.3.2-2
2026-06-27 16:30	KD3CCO	FN10cs	ZL2005SWL	RE68mx	21.096095	10	-26	0	14237	245	WSPR2	1424	366	WD_3.3.2-2
2026-06-27 16:30	KD3CCO	FN10cs	K9CZI	CN83mw	21.096095	10	-10	0	3682	291	WSPR2	368	263	1.4A Kiwi
2026-06-27 16:30	KD3CCO	FN10cs	AC0G/ND	EN16ov	21.096095	10	-18	0	1664	300	WSPR2	166	81	WD_3.3.2-2
2026-06-27 16:30	KD3CCO	FN10cs	W0CWA/K	DN70kk	21.096094	10	-17	2	2298	278	WSPR2	230	118	WD_3.3.2-2
2026-06-27 16:30	KD3CCO	FN10cs	HB9VQQ	JN47kh	21.096101	10	-8	0	6599	52	WSPR2	660	509	WD_3.3.2-2
2026-06-27 16:30	KD3CCO	FN10cs	N6GN5	DN70ll	21.096095	10	-7	0	2291	278	WSPR2	229	183	WD_3.3.2-2
2026-06-27 16:30	KD3CCO	FN10cs	N4JJS	FM05pn	21.096096	10	-22	0	585	188	WSPR2	59	22	1.4A Kiwi
2026-06-27 16:30	KD3CCO	FN10cs	K9TRV-2	EN82bi	21.096099	10	-7	-2	536	291	WSPR2	54	43	WD_3.3.2-2
2026-06-27 16:30	KD3CCO	FN10cs	KK7IXU	CN88no	21.096095	10	-26	0	3613	299	WSPR2	361	93	WD_3.3.2-2
2026-06-27 16:30	KD3CCO	FN10cs	DL3TU	JN48mm	21.096133	10	-12	0	6546	51	WSPR2	655	430	
2026-06-27 16:30	KD3CCO	FN10cs	W1CK	DM13ie	21.096095	10	-18	0	3577	269	WSPR2	358	174	WD_3.3.2-2
2026-06-27 16:30	KD3CCO	FN10cs	KX4AZ/T	EN74gc	21.096095	10	-23	0	730	303	WSPR2	73	25	WD_3.3.2-2
2026-06-27 16:30	KD3CCO	FN10cs	M9PSY-2	IO86ha	21.096095	10	-29	0	5456	45	WSPR2	546	94	UberSDR
2026-06-27 16:30	KD3CCO	FN10cs	HB9VQQ/RS	JN47kh	21.096101	10	-8	0	6599	52	WSPR2	660	509	WD_3.3.2-2
2026-06-27 16:30	KD3CCO	FN10cs	K6RRP	DM12lw	21.096096	10	-14	0	3568	269	WSPR2	357	214	1.4A Kiwi
2026-06-27 16:30	KD3CCO	FN10cs	M9PSY	IO86ha	21.096095	10	-23	0	5456	45	WSPR2	546	187	UberSDR
2026-06-27 16:30	KD3CCO	FN10cs	N3PK	EM84ss	21.096095	10	-13	0	783	213	WSPR2	78	49	1.4A Kiwi
2026-06-27 16:30	KD3CCO	FN10cs	G0IDE	IO83pq	21.096086	10	-9	0	5569	48	WSPR2	557	414	2.7.0-rc3
2026-06-27 16:30	KD3CCO	FN10cs	WA3TTS	EN90xn	21.096108	10	-15	0	191	264	WSPR2	19	11	2.6.1
2026-06-27 16:30	KD3CCO	FN10cs	DL1GCD/1	JN58oh	21.096111	10	-23	0	6698	50	WSPR2	670	230	
2026-06-27 16:30	KD3CCO	FN10cs	DH6YHO	JO31xw	21.096107	10	-23	0	6307	47	WSPR2	631	216	web-888
2026-06-27 16:30	KD3CCO	FN10cs	DL1GCD/2	JN58oh	21.096197	10	-17	0	6698	50	WSPR2	670	345	
2026-06-27 16:30	KD3CCO	FN10cs	DG1ATN	JO50kq	21.09609	10	-24	0	6550	48	WSPR2	655	206	web-888
2026-06-27 16:30	KD3CCO	FN10cs	DL0PF	JN68rn	21.096094	10	-23	0	6828	49	WSPR2	683	234	v1.2.117
2026-06-27 16:30	KD3CCO	FN10cs	EA3IOT	JN11ep	21.096096	10	-15	0	6444	60	WSPR2	644	368	web-888
2026-06-27 16:30	KD3CCO	FN10cs	NN0V	EN42ba	21.09611	10	6	0	1182	281	WSPR2	118	138	3.0.1
2026-06-27 16:30	KD3CCO	FN10cs	SQ3H	JO82kq	21.096094	10	-13	0	6803	44	WSPR2	680	427	web-888
2026-06-27 16:30	KD3CCO	FN10cs	KA9VDU	EN53ia	21.096103	10	7	0	983	289	WSPR2	98	118	2.5.0
2026-06-27 16:30	KD3CCO	FN10cs	N0CALL2FFC87	EN50mm	21.096097	10	-21	0	942	272	WSPR2	94	38	v1.2.117
2026-06-27 16:30	KD3CCO	FN10cs	AJ4AV	EM73tw	21.096164	10	-14	0	956	219	WSPR2	96	58	v1.2.117
2026-06-27 16:30	KD3CCO	FN10cs	AC0G/S	EM38ww	21.096095	10	-13	0	1239	265	WSPR2	124	78	WD_4.0
2026-06-27 16:30	KD3CCO	FN10cs	DL3EL	JO40hd	21.096135	10	-10	0	6436	49	WSPR2	644	460	SparkSDR
2026-06-27 16:30	KD3CCO	FN10cs	M9PSY-1	IO86ha	21.096095	10	-23	0	5456	45	WSPR2	546	187	UberSDR
2026-06-27 16:30	KD3CCO	FN10cs	EA1FAQ	IN71pn	21.09621	10	-15	0	5923	63	WSPR2	592	338	v1.2.113
2026-06-27 16:30	KD3CCO	FN10cs	AE5AU	EM34rq	21.096098	10	-13	0	1460	247	WSPR2	146	92	SparkSDR
2026-06-27 16:30	KD3CCO	FN10cs	G0KTN	IO81ti	21.096121	10	-16	0	5673	51	WSPR2	567	308	SparkSDR
2026-06-27 16:30	KD3CCO	FN10cs	OE3GBB	JN87aq	21.096093	10	-2	0	7042	49	WSPR2	704	664	UberSDR
2026-06-27 16:30	KD3CCO	FN10cs	K5XL	EM12kp	21.096095	10	-13	0	1940	248	WSPR2	194	122	3.0.0
2026-06-27 16:30	KD3CCO	FN10cs	KD6MXY	DN42	21.096081	10	-21	0	2753	285	WSPR2	275	110	rtlsdr-056
2026-06-27 16:30	KD3CCO	FN10cs	WO2S	FM05pv	21.096095	10	-20	0	548	189	WSPR2	55	24	1.4A Kiwi
2026-06-27 16:30	KD3CCO	FN10cs	N5MCB	EM13pe	21.096098	10	-23	0	1875	249	WSPR2	188	64	web-888
2026-06-27 16:30	KD3CCO	FN10cs	DK8FT/P	JN58oe	21.096095	10	-9	0	6704	50	WSPR2	670	498	2.6.1
2026-06-27 16:30	KD3CCO	FN10cs	WESSEX	IO80qr	21.096099	10	-11	0	5679	52	WSPR2	568	389	UberSDR
2026-06-27 16:30	KD3CCO	FN10cs	VE6JY	DO33or	21.096095	10	-21	0	2967	311	WSPR2	297	119	3.0.0
2026-06-27 16:30	KD3CCO	FN10cs	NY4Q	EM84am	21.096097	10	9	0	881	220	WSPR2	88	111	UberSDR
2026-06-27 16:30	KD3CCO	FN10cs	NB3A	FM18cr	21.096094	10	-25	0	227	180	WSPR2	23	7	UberSDR
2026-06-27 16:30	KD3CCO	FN10cs	VE4DRK	EN19lu	21.096094	10	-22	0	1804	310	WSPR2	180	67	UberSDR
2026-06-27 16:30	KD3CCO	FN10cs	VA3ROM	EN58jk	21.096095	10	-4	0	1240	317	WSPR2	124	110	UberSDR
2026-06-27 16:30	KD3CCO	FN10cs	EI4HQ	IO51uu	21.096094	10	-25	0	5266	52	WSPR2	527	151	UberSDR
2026-06-27 16:30	KD3CCO	FN10cs	KD2M	EL87sg	21.096095	10	-24	0	1561	197	WSPR2	156	49	UberSDR
2026-06-27 16:28	DG1GHR	JN48ao	KD3CCO	FN10cs	21.096125	5	-14	0	6477	297	WSPR2	1295	777	3.0.1
2026-06-27 16:28	KM4GA	EM74	KD3CCO	FN10cs	21.096103	5	-3	0	946	40	WSPR2	189	173	3.0.1
2026-06-27 16:28	EB1A	IN53tf	KD3CCO	FN10cs	21.096086	0.5	-16	0	5572	292	WSPR2	11144	6050	3.0.1
2026-06-27 16:28	DL2WB	JN39	KD3CCO	FN10cs	21.096083	0.2	-16	0	6362	296	WSPR2	31810	17268	3.0.1
2026-06-27 16:28	WW0WWV	DN70mq	KD3CCO	FN10cs	21.096055	1	-15	0	2280	81	WSPR2	2280	1303	3.0.1
2026-06-27 16:28	HK3LRB	FJ24xq	KD3CCO	FN10cs	21.096031	0.2	-16	0	4030	355	WSPR2	20150	10939	3.0.1
2026-06-27 16:28	KB4ZVM	EM84	KD3CCO	FN10cs	21.096022	0.1	-22	0	838	32	WSPR2	8380	3113	3.0.1
2026-06-27 16:26	KD3CCO	FN10cs	KA7OEI-9	DN40ao	21.096081	10	-14	-1	2862	281	WSPR2	286	172	WD_3.1.7
2026-06-27 16:26	KD3CCO	FN10cs	DK6UG	JN49cm	21.096095	10	-5	0	6441	50	WSPR2	644	552	WD_3.3.2-2
2026-06-27 16:26	KD3CCO	FN10cs	KV0S	EM38tv	21.096098	10	-4	0	1261	265	WSPR2	126	112	WD_3.3.2-2
2026-06-27 16:26	KD3CCO	FN10cs	K9IMM	EN52cv	21.096067	10	25	0	1021	287	WSPR2	102	175	CWSL_DIGI
2026-06-27 16:26	KD3CCO	FN10cs	DL4ZBE	JO40ba	21.096095	10	-7	0	6411	49	WSPR2	641	513	WD_3.3.2-1
2026-06-27 16:26	KD3CCO	FN10cs	N0QDS	EN35ga	21.096095	10	-14	0	1358	296	WSPR2	136	82	1.4A Kiwi
2026-06-27 16:26	KD3CCO	FN10cs	K6RRP	DM12lw	21.096095	10	-24	0	3568	269	WSPR2	357	112	1.4A Kiwi
2026-06-27 16:26	KD3CCO	FN10cs	W7PUA	CN84jq	21.096095	10	-19	0	3687	292	WSPR2	369	169	1.4A Kiwi
2026-06-27 16:26	KD3CCO	FN10cs	SK6WW	JO78fm	21.096095	10	-18	0	6363	38	WSPR2	636	309	1.4A Kiwi
2026-06-27 16:26	KD3CCO	FN10cs	HK4RAU	FJ25	21.096095	10	-19	0	3934	175	WSPR2	393	180	1.4A Kiwi
2026-06-27 16:26	KD3CCO	FN10cs	N3PK	EM84ss	21.096095	10	-10	0	783	213	WSPR2	78	56	1.4A Kiwi
2026-06-27 16:26	KD3CCO	FN10cs	VA3ROM-1	EN58jk	21.096094	10	-5	0	1240	317	WSPR2	124	106	web-888
2026-06-27 16:26	KD3CCO	FN10cs	OE9GHV	JN47wk	21.096095	10	-8	0	6658	51	WSPR2	666	514	WD_3.3.2-2
2026-06-27 16:26	KD3CCO	FN10cs	HB9VQQ	JN47kh	21.096101	10	-9	0	6599	52	WSPR2	660	490	WD_3.3.2-2
2026-06-27 16:26	KD3CCO	FN10cs	WA2TP	FN30lu	21.096095	10	-22	0	400	87	WSPR2	40	15	WD_3.3.2-2
2026-06-27 16:26	KD3CCO	FN10cs	N8GA-1	EN80ee	21.096096	10	-17	-1	498	264	WSPR2	50	26	WD_3.3.2-1
2026-06-27 16:26	KD3CCO	FN10cs	DD5XX	JN48ps	21.096163	10	-23	0	6549	50	WSPR2	655	225	
2026-06-27 16:26	KD3CCO	FN10cs	HB9VQQ/RS	JN47kh	21.096101	10	-9	0	6599	52	WSPR2	660	490	WD_3.3.2-2
2026-06-27 16:26	KD3CCO	FN10cs	G4ZFQ	IO90ir	21.096095	10	-11	0	5768	51	WSPR2	577	396	WD_3.3.2-2
2026-06-27 16:26	KD3CCO	FN10cs	DC1RDB	JN58ss	21.096094	10	-19	0	6694	49	WSPR2	669	306	RP122-16
2026-06-27 16:26	KD3CCO	FN10cs	N4TTN	FM05pm	21.096095	10	-7	0	589	188	WSPR2	59	47	1.4A Kiwi
2026-06-27 16:26	KD3CCO	FN10cs	DK8FT	JN58oe	21.096094	10	-25	0	6704	50	WSPR2	670	191	
2026-06-27 16:26	KD3CCO	FN10cs	I0UVN	JN61nl	21.096094	10	-25	0	7222	56	WSPR2	722	206	WD_3.2.3-1
2026-06-27 16:26	KD3CCO	FN10cs	N6GN4	DN70ll	21.096095	10	-5	0	2291	278	WSPR2	229	196	WD_3.3.2-2
2026-06-27 16:26	KD3CCO	FN10cs	OE3GBB/Q	JN87aq	21.096095	10	-2	0	7042	49	WSPR2	704	664	WD_3.3.2-2
2026-06-27 16:26	KD3CCO	FN10cs	DL0PF	JN68rn	21.096095	10	0	0	6828	49	WSPR2	683	683	v1.2.117
2026-06-27 16:26	KD3CCO	FN10cs	DK4RW/1	JO40oe	21.096094	10	-2	0	6471	49	WSPR2	647	610	
2026-06-27 16:26	KD3CCO	FN10cs	KPH2	CM88mc	21.096095	10	-13	0	3847	281	WSPR2	385	242	WD_3.3.2-2
2026-06-27 16:26	KD3CCO	FN10cs	KD7EFG	DN31uo	21.096095	10	-10	0	2869	283	WSPR2	287	205	WD_3.3.2-2
2026-06-27 16:26	KD3CCO	FN10cs	EA8BFK	IL38bo	21.096095	10	11	0	5868	82	WSPR2	587	771	WD_3.3.2-2
2026-06-27 16:26	KD3CCO	FN10cs	GB0PSC	IO92wa	21.096095	10	-13	0	5793	50	WSPR2	579	364	WD_3.3.2-2
2026-06-27 16:26	KD3CCO	FN10cs	DL3TU	JN48mm	21.096133	10	-17	0	6546	51	WSPR2	655	337	
2026-06-27 16:26	KD3CCO	FN10cs	OE3GBB/P	JN87aq	21.096095	10	-3	0	7042	49	WSPR2	704	644	WD_3.3.2-2
2026-06-27 16:26	KD3CCO	FN10cs	HB9VQQ/KE	JN47kh	21.096095	10	-18	0	6599	52	WSPR2	660	321	WD_3.3.2-2
2026-06-27 16:26	KD3CCO	FN10cs	KP4MD	CM98iq	21.096095	10	-22	0	3689	281	WSPR2	369	137	WD_3.3.2-2
2026-06-27 16:26	KD3CCO	FN10cs	K6VZK	DM13nh	21.096095	10	-8	0	3536	269	WSPR2	354	273	WD_3.3.2-2
2026-06-27 16:26	KD3CCO	FN10cs	N8GA	EN80ee	21.096096	10	-16	0	498	264	WSPR2	50	27	WD_3.3.2-1
2026-06-27 16:26	KD3CCO	FN10cs	VE4KRK	EN19gu	21.096095	10	-23	0	1831	310	WSPR2	183	63	1.4A Kiwi
2026-06-27 16:26	KD3CCO	FN10cs	W0CWA/K	DN70kk	21.096093	10	-19	0	2298	278	WSPR2	230	105	WD_3.3.2-2
2026-06-27 16:26	KD3CCO	FN10cs	K9DZT	EN52wx	21.096095	10	11	0	889	289	WSPR2	89	117	WD_3.3.2-2
2026-06-27 16:26	KD3CCO	FN10cs	K9TRV-5	EN82bi	21.096095	10	-1	0	536	291	WSPR2	54	52	WD_3.3.2-2
2026-06-27 16:26	KD3CCO	FN10cs	KD2OM	FN12gx	21.096095	10	-20	0	247	6	WSPR2	25	11	WD_3.3.2-2
2026-06-27 16:26	KD3CCO	FN10cs	G4HZX	IO91xk	21.096095	10	-4	0	5821	50	WSPR2	582	515	WD_3.3.2-2
2026-06-27 16:26	KD3CCO	FN10cs	PD0OHW	JO33lc	21.096095	10	-15	0	6191	46	WSPR2	619	354	WD_3.3.2-2
2026-06-27 16:26	KD3CCO	FN10cs	KD7EFG-1	DN31uo	21.096095	10	-8	0	2869	283	WSPR2	287	221	WD_3.3.2-2
2026-06-27 16:26	KD3CCO	FN10cs	K3LR	EN91se	21.096095	10	-13	0	229	283	WSPR2	23	14	WD_3.3.2-2
2026-06-27 16:26	KD3CCO	FN10cs	K5MO	FM05	21.096095	10	-23	0	598	191	WSPR2	60	21	WD_3.2.3
2026-06-27 16:26	KD3CCO	FN10cs	K9TRV	EN82bi	21.096096	10	-8	0	536	291	WSPR2	54	42	WD_3.3.2-2
2026-06-27 16:26	KD3CCO	FN10cs	HB9VQQ/RE	JN47kh	21.096103	10	-16	0	6599	52	WSPR2	660	358	WD_3.3.2-2
2026-06-27 16:26	KD3CCO	FN10cs	N2YCH	FN31jg	21.096095	10	-24	0	388	80	WSPR2	39	12	WD_3.3.2-2
2026-06-27 16:26	KD3CCO	FN10cs	K9TRV-4	EN82bi	21.096095	10	5	0	536	291	WSPR2	54	62	WD_3.3.2-2
2026-06-27 16:26	KD3CCO	FN10cs	KJ6MKI	CM88oi	21.096095	10	-26	0	3825	281	WSPR2	383	98	WD_3.3.2-2
2026-06-27 16:26	KD3CCO	FN10cs	K9TRV-2	EN82bi	21.096099	10	-4	0	536	291	WSPR2	54	48	WD_3.3.2-2
2026-06-27 16:26	KD3CCO	FN10cs	N5TNL	EM25ui	21.096095	10	-18	0	1562	253	WSPR2	156	76	WD_3.3.2-2
2026-06-27 16:26	KD3CCO	FN10cs	ZL2005SWL	RE68mx	21.096099	10	-24	0	14237	245	WSPR2	1424	448	WD_3.3.2-2
2026-06-27 16:26	KD3CCO	FN10cs	UACNJ	FN20mv	21.096095	10	-20	0	239	86	WSPR2	24	10	WD_3.3.2-2
2026-06-27 16:26	KD3CCO	FN10cs	N6GN5	DN70ll	21.096095	10	-6	0	2291	278	WSPR2	229	190	WD_3.3.2-2
2026-06-27 16:26	KD3CCO	FN10cs	HB9VQQ/RL	JN47kh	21.096096	10	-16	0	6599	52	WSPR2	660	358	WD_3.3.2-2
2026-06-27 16:26	KD3CCO	FN10cs	AC0G/ND	EN16ov	21.096095	10	-23	0	1664	300	WSPR2	166	57	WD_3.3.2-2
2026-06-27 16:26	KD3CCO	FN10cs	M9PSY	IO86ha	21.096095	10	-18	0	5456	45	WSPR2	546	265	UberSDR
2026-06-27 16:26	KD3CCO	FN10cs	W0WWV	DN70mq	21.096095	10	-9	0	2280	279	WSPR2	228	169	WD_3.3.2-2
2026-06-27 16:26	KD3CCO	FN10cs	KK7IXU	CN88no	21.096095	10	-26	0	3613	299	WSPR2	361	93	WD_3.3.2-2
2026-06-27 16:26	KD3CCO	FN10cs	K9CZI	CN83mw	21.096095	10	-8	0	3682	291	WSPR2	368	284	1.4A Kiwi
2026-06-27 16:26	KD3CCO	FN10cs	N4JJS	FM05pn	21.096096	10	-23	0	585	188	WSPR2	59	20	1.4A Kiwi
2026-06-27 16:26	KD3CCO	FN10cs	WA7LNW	DM37gd	21.096114	10	-23	0	3089	274	WSPR2	309	106	RP122-16
2026-06-27 16:26	KD3CCO	FN10cs	VE6JY	DO33or	21.096095	10	-13	0	2967	311	WSPR2	297	187	3.0.0
2026-06-27 16:26	KD3CCO	FN10cs	EA1FAQ	IN71pn	21.09621	10	-10	0	5923	63	WSPR2	592	423	v1.2.113
2026-06-27 16:26	KD3CCO	FN10cs	WA4GLH	EM75je	21.096092	10	7	0	898	229	WSPR2	90	108	2.7.0
2026-06-27 16:26	KD3CCO	FN10cs	K5XL	EM12kp	21.096095	10	-12	0	1940	248	WSPR2	194	127	3.0.0
2026-06-27 16:26	KD3CCO	FN10cs	DL1GCD/2	JN58oh	21.096197	10	-25	0	6698	50	WSPR2	670	191	
2026-06-27 16:26	KD3CCO	FN10cs	DL3EL	JO40hd	21.096135	10	-11	0	6436	49	WSPR2	644	442	SparkSDR
2026-06-27 16:26	KD3CCO	FN10cs	EA3IOT	JN11ep	21.096094	10	-18	0	6444	60	WSPR2	644	313	web-888
2026-06-27 16:26	KD3CCO	FN10cs	AC0G/S	EM38ww	21.096095	10	-18	0	1239	265	WSPR2	124	60	WD_4.0
2026-06-27 16:26	KD3CCO	FN10cs	N9AWU	EM69sm	21.096094	10	-1	0	749	262	WSPR2	75	73	web-888
2026-06-27 16:26	KD3CCO	FN10cs	WESSEX	IO80qr	21.096099	10	-7	0	5679	52	WSPR2	568	454	UberSDR
2026-06-27 16:26	KD3CCO	FN10cs	WO2S	FM05pv	21.096095	10	-23	-1	548	189	WSPR2	55	19	1.4A Kiwi
2026-06-27 16:26	KD3CCO	FN10cs	N0CALL2FFC87	EN50mm	21.096097	10	-18	0	942	272	WSPR2	94	46	v1.2.117
2026-06-27 16:26	KD3CCO	FN10cs	K4DDI	EL95ux	21.096094	10	-27	0	1661	189	WSPR2	166	38	web-888
2026-06-27 16:26	KD3CCO	FN10cs	DK8FT/P	JN58oe	21.096094	10	-13	0	6704	50	WSPR2	670	421	2.6.1
2026-06-27 16:26	KD3CCO	FN10cs	G0KTN	IO81ti	21.096121	10	-22	0	5673	51	WSPR2	567	211	SparkSDR
2026-06-27 16:26	KD3CCO	FN10cs	KD6MXY	DN42	21.096081	10	-20	0	2753	285	WSPR2	275	118	rtlsdr-056
2026-06-27 16:26	KD3CCO	FN10cs	M9PSY-1	IO86ha	21.096095	10	-18	0	5456	45	WSPR2	546	265	UberSDR
2026-06-27 16:26	KD3CCO	FN10cs	AE5AU	EM34rq	21.096098	10	-14	0	1460	247	WSPR2	146	88	SparkSDR
2026-06-27 16:26	KD3CCO	FN10cs	N5MCB	EM13pe	21.096098	10	-25	0	1875	249	WSPR2	188	54	web-888
2026-06-27 16:26	KD3CCO	FN10cs	OE3GBB	JN87aq	21.096094	10	-4	0	7042	49	WSPR2	704	624	UberSDR
2026-06-27 16:26	KD3CCO	FN10cs	NB3A	FM18cr	21.096094	10	-25	0	227	180	WSPR2	23	7	UberSDR
2026-06-27 16:26	KD3CCO	FN10cs	VA3ROM	EN58jk	21.096095	10	-4	0	1240	317	WSPR2	124	110	UberSDR
2026-06-27 16:26	KD3CCO	FN10cs	EI4HQ	IO51uu	21.096094	10	-16	0	5266	52	WSPR2	527	286	UberSDR
2026-06-27 16:26	KD3CCO	FN10cs	NY4Q	EM84am	21.096097	10	11	0	881	220	WSPR2	88	116	UberSDR
2026-06-27 16:26	KD3CCO	FN10cs	VE4DRK	EN19lu	21.096094	10	-19	0	1804	310	WSPR2	180	82	UberSDR
2026-06-27 16:26	KD3CCO	FN10cs	K5JBT	EL29ds	21.096133	10	-29	0	2028	239	WSPR2	203	35	UberSDR
2026-06-27 16:26	KD3CCO	FN10cs	KD2M	EL87sg	21.096095	10	-22	0	1561	197	WSPR2	156	58	UberSDR
2026-06-27 16:24	VA6DAI	DO33em	KD3CCO	FN10cs	21.09619	5	-26	0	3015	103	WSPR2	603	155	3.0.1
2026-06-27 16:24	N0AD	DM79po	KD3CCO	FN10cs	21.096185	0.2	-22	0	2281	78	WSPR2	11405	4236	3.0.1
2026-06-27 16:24	W0BX	DM58	KD3CCO	FN10cs	21.096171	0.2	-25	0	2674	75	WSPR2	13370	3820	3.0.1
2026-06-27 16:24	KB4MG	EM74sa	KD3CCO	FN10cs	21.096158	0.02	-10	0	953	36	WSPR2	47650	34036	3.0.1
2026-06-27 16:24	KW4TN	EM75vu	KD3CCO	FN10cs	21.096151	5	6	0	782	44	WSPR2	156	183	3.0.1
2026-06-27 16:24	N8MH	FM05pk	KD3CCO	FN10cs	21.09615	0.2	-6	0	598	7	WSPR2	2990	2477	3.0.1
2026-06-27 16:24	N2LQH	FM29pt	KD3CCO	FN10cs	21.096101	5	-22	0	282	293	WSPR2	56	21	3.0.1
2026-06-27 16:24	WB4CXU	EM66	KD3CCO	FN10cs	21.096081	0.2	-4	0	934	56	WSPR2	4670	4136	3.0.1
2026-06-27 16:24	WW0WWV	DN70mq	KD3CCO	FN10cs	21.096055	1	-18	0	2280	81	WSPR2	2280	1107	3.0.1
2026-06-27 16:24	VE3PSE	EN96	KD3CCO	FN10cs	21.096044	0.2	-27	0	686	156	WSPR2	3430	784	3.0.1
2026-06-27 16:24	SP2ROC	IQ56	KD3CCO	FN10cs	21.096065	0.01	-20	0	5075	261	WSPR2	507500	217500	3.0.1
2026-06-27 16:24	K8CHY	EM72gn	KD3CCO	FN10cs	21.095992	1	3	0	1139	35	WSPR2	1139	1237	3.0.1
