Time	TX	txGrid	RX	rxGrid	MHz	Watts	SNR	drift	k	az	mode	k/W	spotQ	version
2026-06-27 14:50	AE0GQ	DM79op	KD3CCO	FN10cs	14.096991	0.2	-26	0	2287	78	WSPR2	11435	2940	3.0.1
2026-06-27 14:50	W9VW	EM79dt	KD3CCO	FN10cs	14.097004	0.2	-14	0	680	78	WSPR2	3400	2040	3.0.1
2026-06-27 14:50	N2RDQ	FN21wl	KD3CCO	FN10cs	14.097006	0.1	-23	0	317	257	WSPR2	3170	1087	3.0.1
2026-06-27 14:50	N6UA	DN71	KD3CCO	FN10cs	14.097013	0.2	-9	-1	2274	83	WSPR2	11370	8446	3.0.1
2026-06-27 14:50	KI5MQY	EM13qa	KD3CCO	FN10cs	14.097017	2	-6	-3	1878	57	WSPR2	939	778	3.0.1
2026-06-27 14:50	G8MCD	IO91us	KD3CCO	FN10cs	14.097019	0.2	-16	0	5792	290	WSPR2	28960	15721	3.0.1
2026-06-27 14:50	WD9EXZ	EM79	KD3CCO	FN10cs	14.097021	0.02	-6	0	633	75	WSPR2	31650	26224	3.0.1
2026-06-27 14:50	DL8ROA	JN49hx	KD3CCO	FN10cs	14.097031	5	-16	0	6445	297	WSPR2	1289	700	3.0.1
2026-06-27 14:50	KB4MG	EM74sa	KD3CCO	FN10cs	14.097036	0.005	-14	0	953	36	WSPR2	190600	114360	3.0.1
2026-06-27 14:50	KE6VNI	EN72	KD3CCO	FN10cs	14.097038	0.2	-8	0	632	105	WSPR2	3160	2438	3.0.1
2026-06-27 14:50	WA6HEW	EM11	KD3CCO	FN10cs	14.097048	0.2	-14	0	2007	54	WSPR2	10035	6021	3.0.1
2026-06-27 14:50	AA1QR	FN43ce	KD3CCO	FN10cs	14.097051	0.2	-11	0	564	244	WSPR2	2820	1934	3.0.1
2026-06-27 14:48	PA7D	JO23vf	KD3CCO	FN10cs	14.097021	0.2	-10	1	6114	293	WSPR2	30570	21836	3.0.1
2026-06-27 14:48	KM4TTS	EM80bn	KD3CCO	FN10cs	14.097029	0.2	-18	0	1260	24	WSPR2	6300	3060	3.0.1
2026-06-27 14:48	KB4MG	EM74sa	KD3CCO	FN10cs	14.097036	0.001	-8	0	953	36	WSPR2	953000	735171	3.0.1
2026-06-27 14:48	WB9UOM	EM79	KD3CCO	FN10cs	14.097038	0.2	-15	1	633	75	WSPR2	3165	1809	3.0.1
2026-06-27 14:48	N0NKL	EN47	KD3CCO	FN10cs	14.097046	0.2	-11	0	1291	120	WSPR2	6455	4426	3.0.1
2026-06-27 14:48	WW0WWV	DN70mq	KD3CCO	FN10cs	14.097053	1	-11	0	2280	81	WSPR2	2280	1563	3.0.1
2026-06-27 14:48	N4DPH	EM64	KD3CCO	FN10cs	14.097071	0.2	-4	1	1073	47	WSPR2	5365	4752	3.0.1
2026-06-27 14:48	W8CJL	FN41tp	KD3CCO	FN10cs	14.097081	0.2	-6	0	628	264	WSPR2	3140	2602	3.0.1
2026-06-27 14:48	KN4UCR	FN54ou	KD3CCO	FN10cs	14.097085	0.2	-8	0	862	241	WSPR2	4310	3325	3.0.1
2026-06-27 14:48	EB1A	IN53tf	KD3CCO	FN10cs	14.097089	0.5	-11	0	5572	292	WSPR2	11144	7642	3.0.1
2026-06-27 14:48	G4HSB	IO94ll	KD3CCO	FN10cs	14.097093	0.2	-8	0	5646	288	WSPR2	28230	21777	3.0.1
2026-06-27 14:48	AK1WI	FN42	KD3CCO	FN10cs	14.097099	2	-8	0	592	254	WSPR2	296	228	3.0.1
2026-06-27 14:48	N8VIM	FN42fq	KD3CCO	FN10cs	14.097101	5	0	0	561	250	WSPR2	112	112	3.0.1
2026-06-27 14:48	KE8MYP	EM79ti	KD3CCO	FN10cs	14.097105	2	2	0	582	72	WSPR2	291	308	3.0.1
2026-06-27 14:48	KE4HSV	EM74	KD3CCO	FN10cs	14.097116	0.2	-8	0	946	40	WSPR2	4730	3649	3.0.1
2026-06-27 14:48	AA1QR	FN43ce	KD3CCO	FN10cs	14.097117	0.2	-11	0	564	244	WSPR2	2820	1934	3.0.1
2026-06-27 14:48	KE8VOX	EN81sj	KD3CCO	FN10cs	14.097127	5	-19	0	397	99	WSPR2	79	36	3.0.1
2026-06-27 14:48	KG4LHC	EM85jw	KD3CCO	FN10cs	14.097139	0.2	-18	0	715	40	WSPR2	3575	1736	3.0.1
2026-06-27 14:48	W5RIN	EM20	KD3CCO	FN10cs	14.09714	0.02	-12	0	1928	49	WSPR2	96400	63349	3.0.1
2026-06-27 14:48	AL4U	FM05	KD3CCO	FN10cs	14.097151	0.2	-10	0	598	10	WSPR2	2990	2136	3.0.1
2026-06-27 14:48	KG5HKK	EM51	KD3CCO	FN10cs	14.097164	10	-3	0	1443	41	WSPR2	144	132	3.0.1
2026-06-27 14:48	XE3EA	EL51ea	KD3CCO	FN10cs	14.097168	0.2	-18	0	2464	24	WSPR2	12320	5984	3.0.1
2026-06-27 14:48	AA0RX	DN70mq	KD3CCO	FN10cs	14.09719	0.2	-19	0	2280	81	WSPR2	11400	5211	3.0.1
2026-06-27 14:48	KX4DQ	EM66	KD3CCO	FN10cs	14.097195	0.2	-11	0	934	56	WSPR2	4670	3202	3.0.1
2026-06-27 14:46	G8MCD	IO91us	KD3CCO	FN10cs	14.097019	0.2	-15	0	5792	290	WSPR2	28960	16549	3.0.1
2026-06-27 14:46	PA7D	JO23vf	KD3CCO	FN10cs	14.09702	0.2	-11	0	6114	293	WSPR2	30570	20962	3.0.1
2026-06-27 14:46	AA0O	EL86	KD3CCO	FN10cs	14.097026	0.02	-13	2	1661	16	WSPR2	83050	52203	3.0.1
2026-06-27 14:46	K5XL	EM12kp	KD3CCO	FN10cs	14.097053	2	11	0	1940	57	WSPR2	970	1275	3.0.1
2026-06-27 14:46	KF4JU	EL87pt	KD3CCO	FN10cs	14.097039	0.2	-5	0	1509	16	WSPR2	7545	6467	3.0.1
2026-06-27 14:46	KB4ZVM	EM84	KD3CCO	FN10cs	14.097032	0.1	-10	0	838	32	WSPR2	8380	5986	3.0.1
2026-06-27 14:46	KE4HSV	EM74	KD3CCO	FN10cs	14.097059	0.2	-8	0	946	40	WSPR2	4730	3649	3.0.1
2026-06-27 14:46	K0CFW	EN34oq	KD3CCO	FN10cs	14.097074	0.2	-17	0	1298	104	WSPR2	6490	3338	3.0.1
2026-06-27 14:46	W8CJL	FN41tp	KD3CCO	FN10cs	14.097081	0.2	-7	0	628	264	WSPR2	3140	2512	3.0.1
2026-06-27 14:46	N5CSC	EL09uj	KD3CCO	FN10cs	14.097087	5	-9	-1	2245	50	WSPR2	449	334	3.0.1
2026-06-27 14:46	KG5HKK	EM51	KD3CCO	FN10cs	14.097104	10	-4	0	1443	41	WSPR2	144	128	3.0.1
2026-06-27 14:46	KQ4DTX	EM78rc	KD3CCO	FN10cs	14.097104	5	8	0	651	61	WSPR2	130	160	3.0.1
2026-06-27 14:46	WA3ITR	FN42	KD3CCO	FN10cs	14.097113	2	-8	0	592	254	WSPR2	296	228	3.0.1
2026-06-27 14:46	AB4YY	FM08	KD3CCO	FN10cs	14.097127	0.2	-1	0	276	22	WSPR2	1380	1341	3.0.1
2026-06-27 14:46	AB0VZ	DM79	KD3CCO	FN10cs	14.097141	1	3	-1	2312	78	WSPR2	2312	2510	3.0.1
2026-06-27 14:46	PI9ESA	JO22ff	KD3CCO	FN10cs	14.097154	0.5	-16	0	6075	293	WSPR2	12150	6596	3.0.1
2026-06-27 14:46	N9VP	FM06bc	KD3CCO	FN10cs	14.09716	0.2	-14	0	550	19	WSPR2	2750	1650	3.0.1
2026-06-27 14:46	KE6VNI	EN72	KD3CCO	FN10cs	14.097178	0.2	-6	0	632	105	WSPR2	3160	2618	3.0.1
2026-06-27 14:44	KB0VYG	EN11vi	KD3CCO	FN10cs	14.097198	0.2	-20	0	1543	86	WSPR2	7715	3306	3.0.1
2026-06-27 14:44	KI7KDB	IL18	KD3CCO	FN10cs	14.097184	0.02	-21	0	5611	301	WSPR2	280550	112220	3.0.1
2026-06-27 14:44	K7GXB	DM34sn	KD3CCO	FN10cs	14.097183	20	-6	0	3107	67	WSPR2	155	128	3.0.1
2026-06-27 14:44	N9VP	FM06bc	KD3CCO	FN10cs	14.097171	0.2	-14	0	550	19	WSPR2	2750	1650	3.0.1
2026-06-27 14:44	W2VET	EM64	KD3CCO	FN10cs	14.097168	0.2	-13	0	1073	47	WSPR2	5365	3372	3.0.1
2026-06-27 14:44	N3RDX	FM18mu	KD3CCO	FN10cs	14.097148	0.2	-14	0	225	342	WSPR2	1125	675	3.0.1
2026-06-27 14:44	WB4CXU	EM66	KD3CCO	FN10cs	14.097119	0.2	-16	0	934	56	WSPR2	4670	2535	3.0.1
2026-06-27 14:44	K8RAY	EN72	KD3CCO	FN10cs	14.09711	0.01	-8	0	632	105	WSPR2	63200	48754	3.0.1
2026-06-27 14:44	K1YZY	FN41xr	KD3CCO	FN10cs	14.097104	5	-3	0	656	263	WSPR2	131	120	3.0.1
2026-06-27 14:44	AK1WI	FN42	KD3CCO	FN10cs	14.097099	2	-4	0	592	254	WSPR2	296	262	3.0.1
2026-06-27 14:44	VE1DC	FN85	KD3CCO	FN10cs	14.097094	0.2	-16	0	1304	252	WSPR2	6520	3539	3.0.1
2026-06-27 14:44	AE9J	EM69rs	KD3CCO	FN10cs	14.097087	0.2	-15	0	750	79	WSPR2	3750	2143	3.0.1
2026-06-27 14:44	VE3PSE	EN96	KD3CCO	FN10cs	14.097078	0.2	-17	1	686	156	WSPR2	3430	1764	3.0.1
2026-06-27 14:44	K1SQ	EM74wb	KD3CCO	FN10cs	14.097069	1	-12	0	932	35	WSPR2	932	612	3.0.1
2026-06-27 14:44	KE4HSV	EM74	KD3CCO	FN10cs	14.097057	0.2	-6	0	946	40	WSPR2	4730	3919	3.0.1
2026-06-27 14:44	KM4TTS	EM80bn	KD3CCO	FN10cs	14.097075	0.2	-17	1	1260	24	WSPR2	6300	3240	3.0.1
2026-06-27 14:44	WW0WWV	DN70mq	KD3CCO	FN10cs	14.097053	1	-9	0	2280	81	WSPR2	2280	1694	3.0.1
2026-06-27 14:44	K3FZ	FN30kx	KD3CCO	FN10cs	14.097048	10	-9	0	393	268	WSPR2	39	29	3.0.1
2026-06-27 14:44	K4RHG	EL96	KD3CCO	FN10cs	14.097043	0.2	-11	0	1617	10	WSPR2	8085	5544	3.0.1
2026-06-27 14:44	AA1QR	FN43ce	KD3CCO	FN10cs	14.097016	0.2	-19	0	564	244	WSPR2	2820	1289	3.0.1
2026-06-27 14:44	KN4UCR	FN54ou	KD3CCO	FN10cs	14.097032	0.2	-13	0	862	241	WSPR2	4310	2709	3.0.1
2026-06-27 14:44	AI7NO	IN04	KD3CCO	FN10cs	14.096993	0.02	-23	3	4720	286	WSPR2	236000	80914	3.0.1
2026-06-27 14:42	KD3CCO	FN10cs	W4MXZ	FM17jo	14.097103	10	11	0	356	172	WSPR2	36	47	2.7.0
2026-06-27 14:42	KD3CCO	FN10cs	KD2M	EL87sg	14.097097	10	-12	0	1561	197	WSPR2	156	103	UberSDR
2026-06-27 14:42	KD3CCO	FN10cs	N3AGE-0	FN30hw	14.097097	10	-16	0	372	86	WSPR2	37	20	WD_3.3.2-2
2026-06-27 14:42	KD3CCO	FN10cs	K9IMM	EN52cv	14.097079	10	0	0	1021	287	WSPR2	102	102	CWSL_DIGI
2026-06-27 14:42	KD3CCO	FN10cs	N8GA-1	EN80ee	14.097097	10	-15	0	498	264	WSPR2	50	29	WD_3.3.2-1
2026-06-27 14:42	KD3CCO	FN10cs	KW7MM	DM42mm	14.097111	10	-11	0	3077	263	WSPR2	308	211	CWSL_DIGI
2026-06-27 14:42	KD3CCO	FN10cs	CT7AJC	IN50sf	14.097096	10	-11	0	5700	66	WSPR2	570	391	web-888
2026-06-27 14:42	KD3CCO	FN10cs	N0QDS	EN35ga	14.097098	10	-19	0	1358	296	WSPR2	136	62	1.4A Kiwi
2026-06-27 14:42	KD3CCO	FN10cs	KG6JMO	DM13ie	14.097097	10	-20	0	3577	269	WSPR2	358	153	web-888
2026-06-27 14:42	KD3CCO	FN10cs	K5VW	DM72su	14.097097	10	-18	-1	2520	258	WSPR2	252	122	web-888
2026-06-27 14:42	KD3CCO	FN10cs	W6BOS	CM97bh	14.097098	10	-16	0	3787	279	WSPR2	379	206	web-888
2026-06-27 14:42	KD3CCO	FN10cs	KM4MZA	EM78qe	14.097098	10	-1	0	653	246	WSPR2	65	63	1.4A Kiwi
2026-06-27 14:42	KD3CCO	FN10cs	AC0ZW	DM79ju	14.097097	10	-10	0	2317	277	WSPR2	232	166	web-888
2026-06-27 14:42	KD3CCO	FN10cs	TI0RC	EJ79xw	14.097099	10	-23	0	3483	192	WSPR2	348	119	1.4A Kiwi
2026-06-27 14:42	KD3CCO	FN10cs	WO2S	FM05pv	14.097098	10	-6	0	548	189	WSPR2	55	46	1.4A Kiwi
2026-06-27 14:42	KD3CCO	FN10cs	N4TTN	FM05pm	14.097097	10	-5	0	589	188	WSPR2	59	51	1.4A Kiwi
2026-06-27 14:42	KD3CCO	FN10cs	KD4OKR	FM05on	14.097119	10	7	0	586	189	WSPR2	59	71	1.4A Kiwi
2026-06-27 14:42	KD3CCO	FN10cs	WF4V	FM18jr	14.097098	10	-19	0	232	167	WSPR2	23	11	1.4A Kiwi
2026-06-27 14:42	KD3CCO	FN10cs	KG5VWO	EM40oh	14.09711	10	5	0	1650	229	WSPR2	165	189	web-888
2026-06-27 14:42	KD3CCO	FN10cs	VE2EBM	FN36lb	14.097097	10	1	0	702	31	WSPR2	70	72	web-888
2026-06-27 14:42	KD3CCO	FN10cs	KD5QLM	EM13lb	14.097097	10	-10	0	1908	249	WSPR2	191	136	web-888
2026-06-27 14:42	KD3CCO	FN10cs	N5MCB	EM13pe	14.0971	10	-3	0	1875	249	WSPR2	188	172	web-888
2026-06-27 14:42	KD3CCO	FN10cs	KPH2	CM88mc	14.097097	10	-3	0	3847	281	WSPR2	385	352	WD_3.3.2-2
2026-06-27 14:42	KD3CCO	FN10cs	KFS/SE	CM87tj	14.097097	10	-3	0	3825	279	WSPR2	383	350	WD_3.3.2-2
2026-06-27 14:42	KD3CCO	FN10cs	EA8BFK	IL38bo	14.097097	10	-4	0	5868	82	WSPR2	587	520	WD_3.3.2-2
2026-06-27 14:42	KD3CCO	FN10cs	N6GN4	DN70ll	14.097097	10	-1	0	2291	278	WSPR2	229	222	WD_3.3.2-2
2026-06-27 14:42	KD3CCO	FN10cs	W1CK-1	DM13ie	14.097097	10	-9	0	3577	269	WSPR2	358	266	WD_3.3.2-2
2026-06-27 14:42	KD3CCO	FN10cs	K6VZK	DM13nh	14.097097	10	-1	0	3536	269	WSPR2	354	344	WD_3.3.2-2
2026-06-27 14:42	KD3CCO	FN10cs	KK4NLK	EM84bf	14.097113	10	-12	0	903	218	WSPR2	90	59	v1.2.102
2026-06-27 14:42	KD3CCO	FN10cs	KD7EFG-1	DN31uo	14.097097	10	-9	0	2869	283	WSPR2	287	213	WD_3.3.2-2
2026-06-27 14:42	KD3CCO	FN10cs	KFS/OMNI	CM87tj	14.097097	10	-3	0	3825	279	WSPR2	383	350	WD_3.3.2-2
2026-06-27 14:42	KD3CCO	FN10cs	K1YZY	FN41xr	14.097077	10	0	0	656	78	WSPR2	66	66	2.0_r1714
2026-06-27 14:42	KD3CCO	FN10cs	KX4AZ/A	EM83hw	14.097098	10	-2	0	906	215	WSPR2	91	86	WD_3.3.2-1
2026-06-27 14:42	KD3CCO	FN10cs	K9DZT	EN52wx	14.0971	10	-7	0	889	289	WSPR2	89	71	WD_3.3.2-2
2026-06-27 14:42	KD3CCO	FN10cs	KP4MD	CM98iq	14.097097	10	-16	0	3689	281	WSPR2	369	200	WD_3.3.2-2
2026-06-27 14:42	KD3CCO	FN10cs	K9TRV-5	EN82bi	14.097097	10	13	0	536	291	WSPR2	54	74	WD_3.3.2-2
2026-06-27 14:42	KD3CCO	FN10cs	K9TRV-4	EN82bi	14.097097	10	14	0	536	291	WSPR2	54	76	WD_3.3.2-2
2026-06-27 14:42	KD3CCO	FN10cs	K9TRV-2	EN82bi	14.097099	10	13	0	536	291	WSPR2	54	74	WD_3.3.2-2
2026-06-27 14:42	KD3CCO	FN10cs	NI5F	EM70fu	14.097112	10	-9	0	1304	215	WSPR2	130	97	v1.2.2
2026-06-27 14:42	KD3CCO	FN10cs	K9TRV	EN82bi	14.097098	10	12	0	536	291	WSPR2	54	73	WD_3.3.2-2
2026-06-27 14:42	KD3CCO	FN10cs	W1CK	DM13ie	14.097097	10	-9	0	3577	269	WSPR2	358	266	WD_3.3.2-2
2026-06-27 14:42	KD3CCO	FN10cs	KD9NYE	EN50er	14.097156	10	-5	0	996	274	WSPR2	100	86	DS_0.35.1
2026-06-27 14:42	KD3CCO	FN10cs	N3AGE-4	FN30hw	14.097097	10	-11	0	372	86	WSPR2	37	25	WD_3.3.2-2
2026-06-27 14:42	KD3CCO	FN10cs	WA2TP	FN30lu	14.097097	10	1	-1	400	87	WSPR2	40	41	WD_3.3.2-2
2026-06-27 14:42	KD3CCO	FN10cs	W0CWA/K	DN70kk	14.097097	10	-19	0	2298	278	WSPR2	230	105	WD_3.3.2-2
2026-06-27 14:42	KD3CCO	FN10cs	KX4O	FM18cp	14.097123	10	4	0	236	180	WSPR2	24	27	WD_3.3.2-2
2026-06-27 14:42	KD3CCO	FN10cs	W3MLM	DN70ln	14.09701	10	-1	0	2289	278	WSPR2	229	222	1.3 Kiwi
2026-06-27 14:42	KD3CCO	FN10cs	KJ6MKI	CM88oi	14.097097	10	-20	0	3825	281	WSPR2	383	164	WD_3.3.2-2
2026-06-27 14:42	KD3CCO	FN10cs	N6GN5	DN70ll	14.097097	10	-5	0	2291	278	WSPR2	229	196	WD_3.3.2-2
2026-06-27 14:42	KD3CCO	FN10cs	K6PZB	CM88nk	14.097097	10	-22	0	3828	281	WSPR2	383	142	WD_3.1.7
2026-06-27 14:42	KD3CCO	FN10cs	AI4FU-KIWI	EM86ca	14.097098	10	-12	0	743	227	WSPR2	74	49	1.4A Kiwi
2026-06-27 14:42	KD3CCO	FN10cs	K8NVH	EN82lm	14.097097	10	-19	0	478	296	WSPR2	48	22	WD_3.2.3
2026-06-27 14:42	KD3CCO	FN10cs	K6FOD	DM04wc	14.097103	10	-18	0	3605	271	WSPR2	361	175	WD_3.3.2-2
2026-06-27 14:42	KD3CCO	FN10cs	W1EUJ	DM13nh	14.097097	10	-8	0	3536	269	WSPR2	354	273	WD_3.3.2-2
2026-06-27 14:42	KD3CCO	FN10cs	K3DEK	FM19di	14.097108	10	-12	0	158	177	WSPR2	16	11	v1.2.117
2026-06-27 14:42	KD3CCO	FN10cs	N3AGE-2	FN30hw	14.097097	10	-12	0	372	86	WSPR2	37	24	WD_3.3.2-2
2026-06-27 14:42	KD3CCO	FN10cs	W0WWV	DN70mq	14.097097	10	-17	0	2280	279	WSPR2	228	117	WD_3.3.2-2
2026-06-27 14:42	KD3CCO	FN10cs	KQ9RSS	EM59nu	14.097094	10	15	0	945	267	WSPR2	95	136	2.7.0
2026-06-27 14:42	KD3CCO	FN10cs	KX4AZ/T	EN74gc	14.097098	10	-4	0	730	303	WSPR2	73	65	2.6.1
2026-06-27 14:42	KD3CCO	FN10cs	KFS	CM87tj	14.097097	10	-3	0	3825	279	WSPR2	383	350	WD_3.3.2-2
2026-06-27 14:42	KD3CCO	FN10cs	N8VIM	FN42fq	14.097099	10	-10	0	561	66	WSPR2	56	40	2.7.0
2026-06-27 14:42	KD3CCO	FN10cs	W5KUB1	EM55	14.097109	10	-2	0	1145	243	WSPR2	115	108	2.6.1
2026-06-27 14:42	KD3CCO	FN10cs	KR4NJ	FM05ov	14.097098	10	6	0	549	189	WSPR2	55	64	3.0.0
2026-06-27 14:42	KD3CCO	FN10cs	KD9LVX	EN70	14.097096	10	0	0	613	269	WSPR2	61	61	2.8.0
2026-06-27 14:42	KD3CCO	FN10cs	K5XL	EM12kp	14.097097	10	11	0	1940	248	WSPR2	194	255	3.0.0
2026-06-27 14:42	KD3CCO	FN10cs	N5MN	EM10dr	14.097111	10	-11	0	2108	244	WSPR2	211	145	2.6.1
2026-06-27 14:42	KD3CCO	FN10cs	VO1CBL	GN37fn	14.097097	10	3	0	2066	60	WSPR2	207	225	3.0.1
2026-06-27 14:42	KD3CCO	FN10cs	VE6JY	DO33or	14.097106	10	-17	0	2967	311	WSPR2	297	153	3.0.0
2026-06-27 14:42	KD3CCO	FN10cs	KA3LNA	FM29dc	14.097113	10	-1	0	257	136	WSPR2	26	25	2.3.1
2026-06-27 14:42	KD3CCO	FN10cs	KE8MYP	EM79ti	14.097095	10	2	0	582	256	WSPR2	58	61	3.0.1
2026-06-27 14:42	KD3CCO	FN10cs	KV0S	EM38tv	14.097099	10	-10	0	1261	265	WSPR2	126	90	WD_3.3.2-2
2026-06-27 14:42	KD3CCO	FN10cs	WA5SON	EM20cb	14.097157	10	-25	0	2013	239	WSPR2	201	57	2.7.0
2026-06-27 14:42	KD3CCO	FN10cs	VE3PRO	EN93hk	14.097093	10	2	0	419	316	WSPR2	42	44	2.5.4
2026-06-27 14:42	KD3CCO	FN10cs	KK6PXP	CM87vt	14.097105	10	-19	-1	3796	280	WSPR2	380	174	2.6.1
2026-06-27 14:42	KD3CCO	FN10cs	KF4JU	EL87pt	14.097118	10	-12	0	1509	199	WSPR2	151	99	2.6.1
2026-06-27 14:42	KD3CCO	FN10cs	KR4CSE	EM70de	14.097102	10	-2	0	1377	214	WSPR2	138	130	3.0.0
2026-06-27 14:42	KD3CCO	FN10cs	AB1WQ	FN42eq	14.097108	10	-12	0	554	65	WSPR2	55	36	3.0.1
2026-06-27 14:42	KD3CCO	FN10cs	AC1BC	FN42lh	14.097066	10	-22	0	587	71	WSPR2	59	22	1.4A Kiwi
2026-06-27 14:42	KD3CCO	FN10cs	W0ASW	EN34iw	14.097094	10	-28	0	1343	295	WSPR2	134	27	2.7.0-rc3
2026-06-27 14:42	KD3CCO	FN10cs	K1SQ	EM74wb	14.097112	10	-12	0	932	219	WSPR2	93	61	2.6.1
2026-06-27 14:42	KD3CCO	FN10cs	WE6Z	CM98mn	14.09711	10	-20	0	3666	281	WSPR2	367	157	SparkSDR
2026-06-27 14:42	KD3CCO	FN10cs	WA7SKT	DM41ux	14.097091	10	-18	0	3049	262	WSPR2	305	148	3.0.0
2026-06-27 14:42	KD3CCO	FN10cs	N4TVC/4	FM18is	14.097153	10	-18	0	226	169	WSPR2	23	11	
2026-06-27 14:42	KD3CCO	FN10cs	WJ1I	FN41xq	14.097174	10	-15	0	656	79	WSPR2	66	38	2.7.0
2026-06-27 14:42	KD3CCO	FN10cs	WJ1I	FN41xq	14.097114	10	-25	0	656	79	WSPR2	66	19	2.7.0
2026-06-27 14:42	KD3CCO	FN10cs	VA3ROM-1	EN58jk	14.097097	10	-5	0	1240	317	WSPR2	124	106	web-888
2026-06-27 14:42	KD3CCO	FN10cs	W4BLD	EL98gw	14.09718	10	-16	0	1357	195	WSPR2	136	74	2.2.159
2026-06-27 14:42	KD3CCO	FN10cs	KF8EEZ/0	EM79vr	14.097109	10	9	0	557	260	WSPR2	56	70	2.7.0
2026-06-27 14:42	KD3CCO	FN10cs	KD0TBA	DN81lb	14.097143	10	-13	0	2114	279	WSPR2	211	133	rtlsdr-054
2026-06-27 14:42	KD3CCO	FN10cs	WD4ELG	FM06be	14.097142	10	16	0	541	200	WSPR2	54	79	3.0.2
2026-06-27 14:42	KD3CCO	FN10cs	N0STP	EN34kw	14.097111	10	-20	-1	1330	295	WSPR2	133	57	2.7.0
2026-06-27 14:42	KD3CCO	FN10cs	K5JBT	EL29ds	14.097122	10	-12	0	2028	239	WSPR2	203	133	UberSDR
2026-06-27 14:42	KD3CCO	FN10cs	W4FG	EM78qv	14.097144	10	4	0	619	253	WSPR2	62	69	rtlsdr-056
2026-06-27 14:42	KD3CCO	FN10cs	KC0KVR	EM48rp	14.097114	10	-22	0	1115	262	WSPR2	112	42	SparkSDR
2026-06-27 14:42	KD3CCO	FN10cs	N4HAC	FM08xt	14.097097	10	0	0	219	186	WSPR2	22	22	UberSDR
2026-06-27 14:42	KD3CCO	FN10cs	K4NE	FM08mj	14.097097	10	-16	0	282	201	WSPR2	28	15	web-888
2026-06-27 14:42	KD3CCO	FN10cs	N5CSC	EL09uj	14.097096	10	-21	0	2245	242	WSPR2	225	90	3.0.0
2026-06-27 14:42	KD3CCO	FN10cs	KE7EX	FM18fs	14.097088	10	-21	0	223	174	WSPR2	22	9	2.7.0
2026-06-27 14:42	KD3CCO	FN10cs	NY4Q	EM84am	14.097099	10	-8	0	881	220	WSPR2	88	68	UberSDR
2026-06-27 14:42	KD3CCO	FN10cs	W4ACB	EL98as	14.09713	10	-15	0	1387	197	WSPR2	139	79	2.6.1
2026-06-27 14:42	KD3CCO	FN10cs	AK6RI-1	CM87xi	14.097097	10	-14	0	3799	279	WSPR2	380	228	UberSDR
2026-06-27 14:42	KD3CCO	FN10cs	VA3ROM	EN58jk	14.097097	10	-4	0	1240	317	WSPR2	124	110	UberSDR
2026-06-27 14:42	KD3CCO	FN10cs	NT1D	FN42el	14.097101	10	-15	0	546	68	WSPR2	55	31	3.0.0
2026-06-27 14:42	KD3CCO	FN10cs	K5QP	EM13sc	14.097049	10	-6	0	1860	249	WSPR2	186	154	2.6.1
2026-06-27 14:42	KD3CCO	FN10cs	KG6IQH/SDR	CM96bn	14.097073	10	-17	0	3815	278	WSPR2	382	196	2.6.1
2026-06-27 14:40	WM9C	EM59mu	KD3CCO	FN10cs	14.097192	0.2	-6	0	952	80	WSPR2	4760	3944	3.0.1
2026-06-27 14:40	KI7DX	DN40cq	KD3CCO	FN10cs	14.097151	2	-18	0	2847	79	WSPR2	1424	692	3.0.1
2026-06-27 14:40	N9VP	FM06bc	KD3CCO	FN10cs	14.09711	0.2	-16	0	550	19	WSPR2	2750	1493	3.0.1
2026-06-27 14:40	AK1WI	FN42	KD3CCO	FN10cs	14.097099	2	-9	0	592	254	WSPR2	296	220	3.0.1
2026-06-27 14:40	K8ZK	EM95	KD3CCO	FN10cs	14.097089	0.2	0	0	653	25	WSPR2	3265	3265	3.0.1
2026-06-27 14:40	WB4JPG	EM71gf	KD3CCO	FN10cs	14.097086	0.1	-2	0	1264	31	WSPR2	12640	11918	3.0.1
2026-06-27 14:40	K0CFW	EN34oq	KD3CCO	FN10cs	14.097073	0.2	-17	0	1298	104	WSPR2	6490	3338	3.0.1
2026-06-27 14:40	K1SQ	EM74wb	KD3CCO	FN10cs	14.097069	1	-9	0	932	35	WSPR2	932	692	3.0.1
2026-06-27 14:40	KM4TTS	EM80bn	KD3CCO	FN10cs	14.097064	0.2	-11	0	1260	24	WSPR2	6300	4320	3.0.1
2026-06-27 14:40	WW0WWV	DN70mq	KD3CCO	FN10cs	14.097053	1	-9	0	2280	81	WSPR2	2280	1694	3.0.1
2026-06-27 14:40	KZ4IK	FM08vi	KD3CCO	FN10cs	14.097039	1	9	0	271	7	WSPR2	271	341	3.0.1
2026-06-27 14:40	KF4JU	EL87pt	KD3CCO	FN10cs	14.097031	0.2	-4	0	1509	16	WSPR2	7545	6683	3.0.1
2026-06-27 14:40	WD9EXZ	EM79	KD3CCO	FN10cs	14.097022	0.02	-2	0	633	75	WSPR2	31650	29841	3.0.1
2026-06-27 14:40	KI4TWB/0	EM72hp	KD3CCO	FN10cs	14.097016	0.2	-17	0	1127	35	WSPR2	5635	2898	3.0.1
2026-06-27 14:40	W9RAG	EN54	KD3CCO	FN10cs	14.097007	0.2	-7	0	1007	110	WSPR2	5035	4028	3.0.1
2026-06-27 14:40	KE4HSV	EM74	KD3CCO	FN10cs	14.097002	0.2	-9	0	946	40	WSPR2	4730	3514	3.0.1
2026-06-27 14:38	W9HIF	EM83gw	KD3CCO	FN10cs	14.09718	0.2	-18	0	910	32	WSPR2	4550	2210	3.0.1
2026-06-27 14:38	N5WNE	DM59qb	KD3CCO	FN10cs	14.097201	0.2	-33	0	2623	76	WSPR2	13115	749	3.0.1
2026-06-27 14:38	W4MGA	FM17	KD3CCO	FN10cs	14.09716	0.2	-11	0	372	350	WSPR2	1860	1275	3.0.1
2026-06-27 14:38	W5RIN	EM20	KD3CCO	FN10cs	14.097141	0.02	-7	0	1928	49	WSPR2	96400	77120	3.0.1
2026-06-27 14:38	VE1DC	FN85	KD3CCO	FN10cs	14.097134	0.2	-23	0	1304	252	WSPR2	6520	2235	3.0.1
2026-06-27 14:38	WA3ITR	FN42	KD3CCO	FN10cs	14.097113	2	-9	0	592	254	WSPR2	296	220	3.0.1
2026-06-27 14:38	WB9UOM	EM79	KD3CCO	FN10cs	14.09711	0.2	-9	0	633	75	WSPR2	3165	2351	3.0.1
2026-06-27 14:38	WA3DNM	FM29fw	KD3CCO	FN10cs	14.097102	5	-14	-1	212	297	WSPR2	42	25	3.0.1
2026-06-27 14:38	KE4HSV	EM74	KD3CCO	FN10cs	14.097091	0.2	-12	0	946	40	WSPR2	4730	3108	3.0.1
2026-06-27 14:38	N9VP	FM06bc	KD3CCO	FN10cs	14.09708	0.2	-15	0	550	19	WSPR2	2750	1571	3.0.1
2026-06-27 14:38	AA1AH	FN43	KD3CCO	FN10cs	14.097075	0.2	-10	0	633	244	WSPR2	3165	2261	3.0.1
2026-06-27 14:38	KO4VYS	EL96al	KD3CCO	FN10cs	14.097067	0.2	-10	0	1635	13	WSPR2	8175	5839	3.0.1
2026-06-27 14:38	K0CFW	EN34oq	KD3CCO	FN10cs	14.097073	0.2	-15	0	1298	104	WSPR2	6490	3709	3.0.1
2026-06-27 14:38	K5XL	EM12kp	KD3CCO	FN10cs	14.097053	2	16	0	1940	57	WSPR2	970	1413	3.0.1
2026-06-27 14:38	KE6VNI	EN72	KD3CCO	FN10cs	14.097046	0.2	-6	0	632	105	WSPR2	3160	2618	3.0.1
2026-06-27 14:38	KM4TTS	EM80bn	KD3CCO	FN10cs	14.097026	0.2	-11	0	1260	24	WSPR2	6300	4320	3.0.1
2026-06-27 14:38	KX1U	DN70	KD3CCO	FN10cs	14.097018	0.2	-17	0	2291	80	WSPR2	11455	5891	3.0.1
2026-06-27 14:38	K0PCG	EN31	KD3CCO	FN10cs	14.097013	0.2	-23	0	1278	88	WSPR2	6390	2191	3.0.1
2026-06-27 14:38	KF0SCE	EN42	KD3CCO	FN10cs	14.09699	0.2	-20	0	1116	95	WSPR2	5580	2391	3.0.1
2026-06-27 14:36	KD3CCO	FN10cs	N0STP	EN34kw	14.09711	10	-21	0	1330	295	WSPR2	133	53	2.7.0
2026-06-27 14:36	KD3CCO	FN10cs	WJ1I	FN41xq	14.097174	10	-16	0	656	79	WSPR2	66	36	2.7.0
2026-06-27 14:36	KD3CCO	FN10cs	VE2EBM	FN36lb	14.097097	10	4	0	702	31	WSPR2	70	78	web-888
2026-06-27 14:36	KD3CCO	FN10cs	KG5VWO	EM40oh	14.09711	10	3	0	1650	229	WSPR2	165	179	web-888
2026-06-27 14:36	KD3CCO	FN10cs	KFS	CM87tj	14.097097	10	2	0	3825	279	WSPR2	383	405	WD_3.3.2-2
2026-06-27 14:36	KD3CCO	FN10cs	KV0S	EM38tv	14.097099	10	-8	0	1261	265	WSPR2	126	97	WD_3.3.2-2
2026-06-27 14:36	KD3CCO	FN10cs	KK6UC	DM12jv	14.09714	10	-23	0	3584	269	WSPR2	358	123	1.4A Kiwi
2026-06-27 14:36	KD3CCO	FN10cs	K5VW	DM72su	14.097097	10	-23	0	2520	258	WSPR2	252	86	web-888
2026-06-27 14:36	KD3CCO	FN10cs	TI0RC	EJ79xw	14.097099	10	-26	0	3483	192	WSPR2	348	89	1.4A Kiwi
2026-06-27 14:36	KD3CCO	FN10cs	KM4MZA	EM78qe	14.097098	10	-4	0	653	246	WSPR2	65	58	1.4A Kiwi
2026-06-27 14:36	KD3CCO	FN10cs	K8NVH-K0	EN82lm	14.097114	10	-9	0	478	296	WSPR2	48	36	1.4A Kiwi
2026-06-27 14:36	KD3CCO	FN10cs	N4TTN	FM05pm	14.097098	10	-1	0	589	188	WSPR2	59	57	1.4A Kiwi
2026-06-27 14:36	KD3CCO	FN10cs	KD4OKR	FM05on	14.097118	10	10	0	586	189	WSPR2	59	76	1.4A Kiwi
2026-06-27 14:36	KD3CCO	FN10cs	W6BOS	CM97bh	14.097097	10	-22	0	3787	279	WSPR2	379	141	web-888
2026-06-27 14:36	KD3CCO	FN10cs	AC0ZW	DM79ju	14.097097	10	-15	0	2317	277	WSPR2	232	133	web-888
2026-06-27 14:36	KD3CCO	FN10cs	N5MCB	EM13pe	14.097099	10	1	0	1875	249	WSPR2	188	193	web-888
2026-06-27 14:36	KD3CCO	FN10cs	K4DDI	EL95ux	14.097097	10	-7	0	1661	189	WSPR2	166	133	web-888
2026-06-27 14:36	KD3CCO	FN10cs	N8GA-1	EN80ee	14.097097	10	-8	0	498	264	WSPR2	50	39	WD_3.3.2-1
2026-06-27 14:36	KD3CCO	FN10cs	EA8BFK	IL38bo	14.097097	10	-2	0	5868	82	WSPR2	587	553	WD_3.3.2-2
2026-06-27 14:36	KD3CCO	FN10cs	KPH2	CM88mc	14.097097	10	-3	0	3847	281	WSPR2	385	352	WD_3.3.2-2
2026-06-27 14:36	KD3CCO	FN10cs	KFS/SE	CM87tj	14.097097	10	1	0	3825	279	WSPR2	383	394	WD_3.3.2-2
2026-06-27 14:36	KD3CCO	FN10cs	KW7MM	DM42mm	14.097111	10	-9	0	3077	263	WSPR2	308	229	CWSL_DIGI
2026-06-27 14:36	KD3CCO	FN10cs	K9IMM	EN52cv	14.097079	10	5	0	1021	287	WSPR2	102	117	CWSL_DIGI
2026-06-27 14:36	KD3CCO	FN10cs	N6GN4	DN70ll	14.097097	10	-7	0	2291	278	WSPR2	229	183	WD_3.3.2-2
2026-06-27 14:36	KD3CCO	FN10cs	K6VZK	DM13nh	14.097097	10	2	0	3536	269	WSPR2	354	374	WD_3.3.2-2
2026-06-27 14:36	KD3CCO	FN10cs	K9DZT	EN52wx	14.097099	10	-10	0	889	289	WSPR2	89	64	WD_3.3.2-2
2026-06-27 14:36	KD3CCO	FN10cs	KX4AZ/A	EM83hw	14.097097	10	0	0	906	215	WSPR2	91	91	WD_3.3.2-1
2026-06-27 14:36	KD3CCO	FN10cs	KD7EFG-1	DN31uo	14.097097	10	-9	0	2869	283	WSPR2	287	213	WD_3.3.2-2
2026-06-27 14:36	KD3CCO	FN10cs	KD7EFG	DN31uo	14.097097	10	-13	0	2869	283	WSPR2	287	180	WD_3.3.2-2
2026-06-27 14:36	KD3CCO	FN10cs	KFS/OMNI	CM87tj	14.097097	10	2	0	3825	279	WSPR2	383	405	WD_3.3.2-2
2026-06-27 14:36	KD3CCO	FN10cs	W1CK-1	DM13ie	14.097097	10	-14	0	3577	269	WSPR2	358	215	WD_3.3.2-2
2026-06-27 14:36	KD3CCO	FN10cs	KK4NLK	EM84bf	14.097112	10	-8	0	903	218	WSPR2	90	69	v1.2.102
2026-06-27 14:36	KD3CCO	FN10cs	W3MLM	DN70ln	14.09701	10	-2	0	2289	278	WSPR2	229	216	1.3 Kiwi
2026-06-27 14:36	KD3CCO	FN10cs	KP4MD	CM98iq	14.097097	10	-12	0	3689	281	WSPR2	369	242	WD_3.3.2-2
2026-06-27 14:36	KD3CCO	FN10cs	K9TRV-4	EN82bi	14.097097	10	15	0	536	291	WSPR2	54	77	WD_3.3.2-2
2026-06-27 14:36	KD3CCO	FN10cs	WA5DJJ	DM62ph	14.097097	10	-15	0	2734	259	WSPR2	273	156	2.6.1
2026-06-27 14:36	KD3CCO	FN10cs	KF6ZEO	CM87sr	14.097097	10	-25	0	3819	280	WSPR2	382	109	WD_3.3.2-2
2026-06-27 14:36	KD3CCO	FN10cs	K8NVH	EN82lm	14.097092	10	-10	0	478	296	WSPR2	48	34	WD_3.2.3
2026-06-27 14:36	KD3CCO	FN10cs	WA2TP	FN30lu	14.097097	10	1	0	400	87	WSPR2	40	41	WD_3.3.2-2
2026-06-27 14:36	KD3CCO	FN10cs	WO2S	FM05pv	14.097098	10	-6	0	548	189	WSPR2	55	46	1.4A Kiwi
2026-06-27 14:36	KD3CCO	FN10cs	KJ6MKI	CM88oi	14.097097	10	-24	0	3825	281	WSPR2	383	120	WD_3.3.2-2
2026-06-27 14:36	KD3CCO	FN10cs	K9TRV-5	EN82bi	14.097097	10	16	0	536	291	WSPR2	54	79	WD_3.3.2-2
2026-06-27 14:36	KD3CCO	FN10cs	K9TRV	EN82bi	14.097098	10	15	0	536	291	WSPR2	54	77	WD_3.3.2-2
2026-06-27 14:36	KD3CCO	FN10cs	K9TRV-2	EN82bi	14.097099	10	17	0	536	291	WSPR2	54	80	WD_3.3.2-2
2026-06-27 14:36	KD3CCO	FN10cs	N8GA	EN80ee	14.097097	10	-14	0	498	264	WSPR2	50	30	WD_3.3.2-1
2026-06-27 14:36	KD3CCO	FN10cs	W0CWA/K	DN70kk	14.097097	10	-21	0	2298	278	WSPR2	230	92	WD_3.3.2-2
2026-06-27 14:36	KD3CCO	FN10cs	KX4AZ/T	EN74gc	14.097097	10	4	0	730	303	WSPR2	73	81	WD_3.3.2-2
2026-06-27 14:36	KD3CCO	FN10cs	K6FOD	DM04wc	14.097103	10	-25	0	3605	271	WSPR2	361	103	WD_3.3.2-2
2026-06-27 14:36	KD3CCO	FN10cs	NI5F	EM70fu	14.097112	10	-4	0	1304	215	WSPR2	130	115	v1.2.2
2026-06-27 14:36	KD3CCO	FN10cs	W1EUJ	DM13nh	14.097097	10	-13	0	3536	269	WSPR2	354	223	WD_3.3.2-2
2026-06-27 14:36	KD3CCO	FN10cs	W1CK	DM13ie	14.097097	10	-14	0	3577	269	WSPR2	358	215	WD_3.3.2-2
2026-06-27 14:36	KD3CCO	FN10cs	W0WWV	DN70mq	14.097097	10	-26	0	2280	279	WSPR2	228	59	WD_3.3.2-2
2026-06-27 14:36	KD3CCO	FN10cs	N8HKU	EN82ee	14.097092	10	2	0	511	290	WSPR2	51	54	2.7.0
2026-06-27 14:36	KD3CCO	FN10cs	KK7IXU	CN88no	14.097097	10	-21	0	3613	299	WSPR2	361	144	WD_3.3.2-2
2026-06-27 14:36	KD3CCO	FN10cs	N5CSC	EL09uj	14.097095	10	-7	0	2245	242	WSPR2	225	180	3.0.0
2026-06-27 14:36	KD3CCO	FN10cs	KI5MQY	EM13qa	14.097161	10	-2	0	1878	249	WSPR2	188	177	3.0.1
2026-06-27 14:36	KD3CCO	FN10cs	W5KUB1	EM55	14.097108	10	2	0	1145	243	WSPR2	115	122	2.6.1
2026-06-27 14:36	KD3CCO	FN10cs	N4TVC/4	FM18is	14.097153	10	-17	0	226	169	WSPR2	23	12	
2026-06-27 14:36	KD3CCO	FN10cs	KR4NJ	FM05ov	14.097098	10	7	0	549	189	WSPR2	55	66	3.0.0
2026-06-27 14:36	KD3CCO	FN10cs	K2DAK	DM33vq	14.097101	10	-18	0	3125	267	WSPR2	313	152	2.7.0
2026-06-27 14:36	KD3CCO	FN10cs	N5MN	EM10dr	14.097111	10	-3	0	2108	244	WSPR2	211	193	2.6.1
2026-06-27 14:36	KD3CCO	FN10cs	AC1BC	FN42lh	14.097066	10	-19	0	587	71	WSPR2	59	27	1.4A Kiwi
2026-06-27 14:36	KD3CCO	FN10cs	VE3PRO	EN93hk	14.097093	10	3	0	419	316	WSPR2	42	46	2.5.4
2026-06-27 14:36	KD3CCO	FN10cs	K4FMH	EM52aa	14.097101	10	-22	0	1458	232	WSPR2	146	54	v1.2.49
2026-06-27 14:36	KD3CCO	FN10cs	AE5AU	EM34rq	14.097099	10	-13	0	1460	247	WSPR2	146	92	SparkSDR
2026-06-27 14:36	KD3CCO	FN10cs	N9AWU	EM69sm	14.097097	10	1	0	749	262	WSPR2	75	77	web-888
2026-06-27 14:36	KD3CCO	FN10cs	KC0KVR	EM48rp	14.097098	10	-9	0	1115	262	WSPR2	112	83	3.0.0
2026-06-27 14:36	KD3CCO	FN10cs	WD4ELG	FM06be	14.097142	10	14	0	541	200	WSPR2	54	76	3.0.2
2026-06-27 14:36	KD3CCO	FN10cs	VO1CBL	GN37fn	14.097097	10	7	0	2066	60	WSPR2	207	248	3.0.1
2026-06-27 14:36	KD3CCO	FN10cs	KQ9RSS	EM59nu	14.097094	10	18	0	945	267	WSPR2	95	144	2.7.0
2026-06-27 14:36	KD3CCO	FN10cs	N0LUF	DM78	14.097094	10	-3	0	2338	273	WSPR2	234	214	2.7.0-rc3
2026-06-27 14:36	KD3CCO	FN10cs	W7EL	CN85ol	14.097115	10	-28	0	3641	294	WSPR2	364	73	2.6.1
2026-06-27 14:36	KD3CCO	FN10cs	NT1D	FN42el	14.097101	10	-16	0	546	68	WSPR2	55	30	3.0.0
2026-06-27 14:36	KD3CCO	FN10cs	W4MXZ	FM17jo	14.097104	10	6	0	356	172	WSPR2	36	42	2.7.0
2026-06-27 14:36	KD3CCO	FN10cs	AC0G/S	EM38ww	14.097097	10	-16	0	1239	265	WSPR2	124	67	WD_4.0
2026-06-27 14:36	KD3CCO	FN10cs	K5QP	EM13sc	14.097049	10	-20	0	1860	249	WSPR2	186	80	2.6.1
2026-06-27 14:36	KD3CCO	FN10cs	KA3LNA	FM29dc	14.097112	10	6	0	257	136	WSPR2	26	30	2.3.1
2026-06-27 14:36	KD3CCO	FN10cs	KF8EEZ/0	EM79vr	14.097109	10	-3	0	557	260	WSPR2	56	51	2.7.0
2026-06-27 14:36	KD3CCO	FN10cs	W6EXT	CM87wi	14.097101	10	-8	0	3806	279	WSPR2	381	294	3.0.1
2026-06-27 14:36	KD3CCO	FN10cs	VE6JY	DO33or	14.097098	10	-8	0	2967	311	WSPR2	297	229	2.7.1-deve
2026-06-27 14:36	KD3CCO	FN10cs	KW4TN	EM75vu	14.097098	10	-11	0	782	228	WSPR2	78	53	2.7.0
2026-06-27 14:36	KD3CCO	FN10cs	KD5QLM	EM13lb	14.097097	10	-5	0	1908	249	WSPR2	191	164	web-888
2026-06-27 14:36	KD3CCO	FN10cs	N5UTV/VT	EM26ad	14.097098	10	-25	0	1660	258	WSPR2	166	47	2.0_r1714
2026-06-27 14:36	KD3CCO	FN10cs	WE6K	CM87ss	14.097099	10	-12	0	3818	280	WSPR2	382	251	v1.2.117
2026-06-27 14:36	KD3CCO	FN10cs	K5XL	EM12kp	14.097097	10	17	0	1940	248	WSPR2	194	288	3.0.0
2026-06-27 14:36	KD3CCO	FN10cs	VE2SUS	FN35cl	14.097089	10	-23	0	616	30	WSPR2	62	21	v1.2.115
2026-06-27 14:36	KD3CCO	FN10cs	N4JJS	FM05pn	14.097097	10	-23	0	585	188	WSPR2	59	20	1.4A Kiwi
2026-06-27 14:36	KD3CCO	FN10cs	KD2M	EL87sg	14.097097	10	-12	0	1561	197	WSPR2	156	103	UberSDR
2026-06-27 14:36	KD3CCO	FN10cs	NY4Q	EM84am	14.097098	10	-10	0	881	220	WSPR2	88	63	UberSDR
2026-06-27 14:36	KD3CCO	FN10cs	AK6RI-1	CM87xi	14.097097	10	-18	0	3799	279	WSPR2	380	185	UberSDR
2026-06-27 14:36	KD3CCO	FN10cs	K5JBT	EL29ds	14.097122	10	-4	0	2028	239	WSPR2	203	180	UberSDR
2026-06-27 14:36	KD3CCO	FN10cs	KF4JU	EL87pt	14.097118	10	-19	0	1509	199	WSPR2	151	69	2.6.1
2026-06-27 14:36	KD3CCO	FN10cs	KD9LVX	EN70	14.097095	10	-1	0	613	269	WSPR2	61	59	2.8.0
2026-06-27 14:36	KD3CCO	FN10cs	KB8VME	EN61as	14.097106	10	-8	0	856	281	WSPR2	86	66	3.0.1
2026-06-27 14:36	KD3CCO	FN10cs	KG5ABO	EM12hp	14.097115	10	-9	0	1959	249	WSPR2	196	146	3.1.0
2026-06-27 14:36	KD3CCO	FN10cs	N6GN5	DN70ll	14.097097	10	-11	0	2291	278	WSPR2	229	157	WD_3.3.2-2
2026-06-27 14:36	KD3CCO	FN10cs	N0CALL2FFC87	EN50mm	14.097091	10	-25	0	942	272	WSPR2	94	27	v1.2.117
2026-06-27 14:36	KD3CCO	FN10cs	KD0TBA	DN81lb	14.097143	10	-16	0	2114	279	WSPR2	211	115	rtlsdr-054
2026-06-27 14:36	KD3CCO	FN10cs	W4FG	EM78qv	14.097144	10	8	0	619	253	WSPR2	62	76	rtlsdr-056
2026-06-27 14:36	KD3CCO	FN10cs	W4BLD	EL98gw	14.09718	10	-26	0	1357	195	WSPR2	136	35	2.2.159
2026-06-27 14:36	KD3CCO	FN10cs	KG6IQH/SDR	CM96bn	14.097072	10	-25	0	3815	278	WSPR2	382	109	2.6.1
2026-06-27 14:36	KD3CCO	FN10cs	WA7SKT	DM41ux	14.097091	10	-20	0	3049	262	WSPR2	305	131	3.0.0
2026-06-27 14:36	KD3CCO	FN10cs	KD6MXY	DN42	14.097083	10	-24	0	2753	285	WSPR2	275	86	rtlsdr-056
2026-06-27 14:36	KD3CCO	FN10cs	N0GQ	DM79pi	14.097098	10	-11	0	2287	275	WSPR2	229	157	1.4A Kiwi
2026-06-27 14:34	N9VP	FM06bc	KD3CCO	FN10cs	14.097193	0.2	-17	0	550	19	WSPR2	2750	1414	3.0.1
2026-06-27 14:34	KE6VNI	EN72	KD3CCO	FN10cs	14.097175	0.2	-22	0	632	105	WSPR2	3160	1174	3.0.1
2026-06-27 14:34	PA7D	JO23vf	KD3CCO	FN10cs	14.097159	0.2	-24	0	6114	293	WSPR2	30570	9608	3.0.1
2026-06-27 14:34	KF4JU	EL87pt	KD3CCO	FN10cs	14.097156	0.2	-24	0	1509	16	WSPR2	7545	2371	3.0.1
2026-06-27 14:34	VE1DC	FN85	KD3CCO	FN10cs	14.097143	0.2	-24	0	1304	252	WSPR2	6520	2049	3.0.1
2026-06-27 14:34	WA3ITR	FN42	KD3CCO	FN10cs	14.097113	2	-9	0	592	254	WSPR2	296	220	3.0.1
2026-06-27 14:34	K0CFW	EN34oq	KD3CCO	FN10cs	14.097111	0.2	-11	0	1298	104	WSPR2	6490	4450	3.0.1
2026-06-27 14:34	N3RDX	FM18mu	KD3CCO	FN10cs	14.097077	0.2	-21	0	225	342	WSPR2	1125	450	3.0.1
2026-06-27 14:34	NJ9Y	EN52wd	KD3CCO	FN10cs	14.097071	0.2	-25	0	874	97	WSPR2	4370	1249	3.0.1
2026-06-27 14:34	WW0WWV	DN70mq	KD3CCO	FN10cs	14.097053	1	-16	0	2280	81	WSPR2	2280	1238	3.0.1
2026-06-27 14:34	KG7RDR	DN31ws	KD3CCO	FN10cs	14.097049	1	-17	0	2852	81	WSPR2	2852	1467	3.0.1
2026-06-27 14:34	KM4TTS	EM80bn	KD3CCO	FN10cs	14.097002	0.2	-17	0	1260	24	WSPR2	6300	3240	3.0.1
2026-06-27 14:34	KE4HSV	EM74	KD3CCO	FN10cs	14.097001	0.2	-19	0	946	40	WSPR2	4730	2162	3.0.1
2026-06-27 14:34	AI7NO	IN04	KD3CCO	FN10cs	14.096993	0.02	-19	-2	4720	286	WSPR2	236000	107886	3.0.1
2026-06-27 14:32	N3CHX	FM06aa	KD3CCO	FN10cs	14.09714	0.2	-15	0	561	19	WSPR2	2805	1603	3.0.1
2026-06-27 14:32	KW4TN	EM75vu	KD3CCO	FN10cs	14.097158	5	-9	0	782	44	WSPR2	156	116	3.0.1
2026-06-27 14:32	KE4HSV	EM74	KD3CCO	FN10cs	14.097166	0.2	-9	0	946	40	WSPR2	4730	3514	3.0.1
2026-06-27 14:32	IU0JJD	JN61tp	KD3CCO	FN10cs	14.097129	0.2	-19	0	7246	303	WSPR2	36230	16562	3.0.1
2026-06-27 14:32	KB4MG	EM74sa	KD3CCO	FN10cs	14.09711	0.02	-16	0	953	36	WSPR2	47650	25867	3.0.1
2026-06-27 14:32	NF6S	CM97	KD3CCO	FN10cs	14.097104	0.2	-10	0	3711	71	WSPR2	18555	13254	3.0.1
2026-06-27 14:32	AK1WI	FN42	KD3CCO	FN10cs	14.097099	2	-10	0	592	254	WSPR2	296	211	3.0.1
2026-06-27 14:32	N9OG	EM28	KD3CCO	FN10cs	14.097086	5	-18	0	1497	75	WSPR2	299	145	3.0.1
2026-06-27 14:32	NJ9Y	EN52wd	KD3CCO	FN10cs	14.09708	0.2	-17	0	874	97	WSPR2	4370	2247	3.0.1
2026-06-27 14:32	N4DPH	EM64	KD3CCO	FN10cs	14.097071	0.2	-11	0	1073	47	WSPR2	5365	3679	3.0.1
2026-06-27 14:32	WB4HIR	EM96	KD3CCO	FN10cs	14.097061	0.2	-15	-1	554	30	WSPR2	2770	1583	3.0.1
2026-06-27 14:32	K5ZAK	EL09	KD3CCO	FN10cs	14.097056	1	-11	-1	2295	51	WSPR2	2295	1574	3.0.1
2026-06-27 14:32	KM4QXW	EM74qb	KD3CCO	FN10cs	14.097054	0.5	-19	0	959	37	WSPR2	1918	877	3.0.1
2026-06-27 14:32	WW0WWV	DN70mq	KD3CCO	FN10cs	14.097053	1	-11	0	2280	81	WSPR2	2280	1563	3.0.1
2026-06-27 14:32	WW0WWV	DN70mq	KD3CCO	FN10cs	14.097044	1	-20	0	2280	81	WSPR2	2280	977	3.0.1
2026-06-27 14:32	KS4VA	GM01	KD3CCO	FN10cs	14.097029	0.02	-16	0	1969	307	WSPR2	98450	53444	3.0.1
2026-06-27 14:32	K4RCC	EM85ji	KD3CCO	FN10cs	14.097157	0.2	-15	1	766	37	WSPR2	3830	2189	3.0.1
2026-06-27 14:32	K0CFW	EN34oq	KD3CCO	FN10cs	14.097145	0.2	-14	0	1298	104	WSPR2	6490	3894	3.0.1
2026-06-27 14:32	KR4CSE	EM70de	KD3CCO	FN10cs	14.09715	1	-12	0	1377	29	WSPR2	1377	905	3.0.1
2026-06-27 14:30	KD3CCO	FN10cs	K6PZB	CM88nk	14.097098	10	-26	0	3828	281	WSPR2	383	98	WD_3.1.7
2026-06-27 14:30	KD3CCO	FN10cs	KD2M	EL87sg	14.097098	10	-14	0	1561	197	WSPR2	156	94	UberSDR
2026-06-27 14:30	KD3CCO	FN10cs	KD7EFG	DN31uo	14.097097	10	-13	0	2869	283	WSPR2	287	180	WD_3.3.2-2
2026-06-27 14:30	KD3CCO	FN10cs	KFS	CM87tj	14.097096	10	0	0	3825	279	WSPR2	383	383	WD_3.3.2-2
2026-06-27 14:30	KD3CCO	FN10cs	KV0S	EM38tv	14.097099	10	-14	0	1261	265	WSPR2	126	76	WD_3.3.2-2
2026-06-27 14:30	KD3CCO	FN10cs	N3AGE-0	FN30hw	14.097097	10	-25	0	372	86	WSPR2	37	11	WD_3.3.2-2
2026-06-27 14:30	KD3CCO	FN10cs	VE2EBM	FN36lb	14.097097	10	7	1	702	31	WSPR2	70	84	web-888
2026-06-27 14:30	KD3CCO	FN10cs	HB9VQQ	JN47kh	14.0971	10	-5	0	6599	52	WSPR2	660	566	WD_3.3.2-2
2026-06-27 14:30	KD3CCO	FN10cs	N0QDS	EN35ga	14.097097	10	-19	0	1358	296	WSPR2	136	62	1.4A Kiwi
2026-06-27 14:30	KD3CCO	FN10cs	AI4FU-KIWI	EM86ca	14.097097	10	-12	0	743	227	WSPR2	74	49	1.4A Kiwi
2026-06-27 14:30	KD3CCO	FN10cs	KU4BY	FM16vf	14.097098	10	-14	0	523	164	WSPR2	52	31	1.4A Kiwi
2026-06-27 14:30	KD3CCO	FN10cs	N8BTR	EN55we	14.097097	10	6	0	972	304	WSPR2	97	114	1.4A Kiwi
2026-06-27 14:30	KD3CCO	FN10cs	K5VW	DM72su	14.097097	10	-24	0	2520	258	WSPR2	252	79	web-888
2026-06-27 14:30	KD3CCO	FN10cs	KU4BY	FM16vf	14.097097	10	-14	0	523	164	WSPR2	52	31	1.4A Kiwi
2026-06-27 14:30	KD3CCO	FN10cs	W6BOS	CM97bh	14.097097	10	-18	0	3787	279	WSPR2	379	184	web-888
2026-06-27 14:30	KD3CCO	FN10cs	K9CZI	CN83mw	14.097098	10	-21	0	3682	291	WSPR2	368	147	1.4A Kiwi
2026-06-27 14:30	KD3CCO	FN10cs	AE6RQ	CM97bf	14.097097	10	-22	0	3790	279	WSPR2	379	141	1.4A Kiwi
2026-06-27 14:30	KD3CCO	FN10cs	W3MLM	DN70ln	14.09701	10	1	0	2289	278	WSPR2	229	236	1.3 Kiwi
2026-06-27 14:30	KD3CCO	FN10cs	VA3ROM-1	EN58jk	14.097097	10	-8	0	1240	317	WSPR2	124	96	web-888
2026-06-27 14:30	KD3CCO	FN10cs	W3MLM	DN70ln	14.09701	10	1	0	2289	278	WSPR2	229	236	1.3 Kiwi
2026-06-27 14:30	KD3CCO	FN10cs	W4ZW	EM96eg	14.097098	10	3	0	601	215	WSPR2	60	65	1.4A Kiwi
2026-06-27 14:30	KD3CCO	FN10cs	KK6UC	DM12jv	14.09714	10	-20	0	3584	269	WSPR2	358	153	1.4A Kiwi
2026-06-27 14:30	KD3CCO	FN10cs	KF9ET	EM69rd	14.097117	10	-10	0	767	259	WSPR2	77	55	1.4A Kiwi
2026-06-27 14:30	KD3CCO	FN10cs	KD4OKR	FM05on	14.097119	10	14	0	586	189	WSPR2	59	83	1.4A Kiwi
2026-06-27 14:30	KD3CCO	FN10cs	N4TTN	FM05pm	14.097097	10	-8	0	589	188	WSPR2	59	46	1.4A Kiwi
2026-06-27 14:30	KD3CCO	FN10cs	KD5QLM	EM13lb	14.097097	10	-11	0	1908	249	WSPR2	191	131	web-888
2026-06-27 14:30	KD3CCO	FN10cs	KM4SQK	EM74qb	14.097097	10	1	0	959	221	WSPR2	96	99	web-888
2026-06-27 14:30	KD3CCO	FN10cs	KM4MZA	EM78qe	14.097097	10	-5	0	653	246	WSPR2	65	56	1.4A Kiwi
2026-06-27 14:30	KD3CCO	FN10cs	WO2S	FM05pv	14.097097	10	-4	0	548	189	WSPR2	55	49	1.4A Kiwi
2026-06-27 14:30	KD3CCO	FN10cs	N9AWU	EM69sm	14.097097	10	0	0	749	262	WSPR2	75	75	web-888
2026-06-27 14:30	KD3CCO	FN10cs	N2YCH	FN31jg	14.097097	10	-21	0	388	80	WSPR2	39	16	WD_3.3.2-2
2026-06-27 14:30	KD3CCO	FN10cs	K1YZY	FN41xr	14.097077	10	-5	0	656	78	WSPR2	66	57	2.0_r1714
2026-06-27 14:30	KD3CCO	FN10cs	K9IMM	EN52cv	14.097079	10	4	0	1021	287	WSPR2	102	114	CWSL_DIGI
2026-06-27 14:30	KD3CCO	FN10cs	HB9VQQ/RS	JN47kh	14.0971	10	-5	0	6599	52	WSPR2	660	566	WD_3.3.2-2
2026-06-27 14:30	KD3CCO	FN10cs	KFS/SE	CM87tj	14.097096	10	-1	0	3825	279	WSPR2	383	372	WD_3.3.2-2
2026-06-27 14:30	KD3CCO	FN10cs	KX4AZ/A	EM83hw	14.097098	10	-11	0	906	215	WSPR2	91	62	WD_3.3.2-1
2026-06-27 14:30	KD3CCO	FN10cs	NI5F	EM70fu	14.097112	10	-7	0	1304	215	WSPR2	130	104	v1.2.2
2026-06-27 14:30	KD3CCO	FN10cs	N6GN4	DN70ll	14.097096	10	-5	0	2291	278	WSPR2	229	196	WD_3.3.2-2
2026-06-27 14:30	KD3CCO	FN10cs	K9DZT	EN52wx	14.097097	10	-10	0	889	289	WSPR2	89	64	WD_3.3.2-2
2026-06-27 14:30	KD3CCO	FN10cs	W1CK	DM13ie	14.097097	10	-15	0	3577	269	WSPR2	358	205	WD_3.3.2-2
2026-06-27 14:30	KD3CCO	FN10cs	KPH2	CM88mc	14.097097	10	-4	0	3847	281	WSPR2	385	341	WD_3.3.2-2
2026-06-27 14:30	KD3CCO	FN10cs	WA7LNW	DM37gd	14.097108	10	-8	0	3089	274	WSPR2	309	238	RP122-16
2026-06-27 14:30	KD3CCO	FN10cs	EA8BFK	IL38bo	14.097097	10	0	1	5868	82	WSPR2	587	587	WD_3.3.2-2
2026-06-27 14:30	KD3CCO	FN10cs	KD7EFG-1	DN31uo	14.097097	10	-8	0	2869	283	WSPR2	287	221	WD_3.3.2-2
2026-06-27 14:30	KD3CCO	FN10cs	K8NVH-K0	EN82lm	14.097114	10	-1	1	478	296	WSPR2	48	47	1.4A Kiwi
2026-06-27 14:30	KD3CCO	FN10cs	HB9VQQ/KE	JN47kh	14.097096	10	-12	0	6599	52	WSPR2	660	434	WD_3.3.2-2
2026-06-27 14:30	KD3CCO	FN10cs	KK4NLK	EM84bf	14.097112	10	-13	0	903	218	WSPR2	90	57	v1.2.102
2026-06-27 14:30	KD3CCO	FN10cs	N0GQ	DM79pi	14.097097	10	-9	0	2287	275	WSPR2	229	170	1.4A Kiwi
2026-06-27 14:30	KD3CCO	FN10cs	KFS/OMNI	CM87tj	14.097096	10	0	0	3825	279	WSPR2	383	383	WD_3.3.2-2
2026-06-27 14:30	KD3CCO	FN10cs	W1CK-1	DM13ie	14.097097	10	-14	0	3577	269	WSPR2	358	215	WD_3.3.2-2
2026-06-27 14:30	KD3CCO	FN10cs	K9TRV-5	EN82bi	14.097097	10	13	0	536	291	WSPR2	54	74	WD_3.3.2-2
2026-06-27 14:30	KD3CCO	FN10cs	K6VZK	DM13nh	14.097097	10	-3	0	3536	269	WSPR2	354	324	WD_3.3.2-2
2026-06-27 14:30	KD3CCO	FN10cs	KP4MD	CM98iq	14.097097	10	-17	0	3689	281	WSPR2	369	190	WD_3.3.2-2
2026-06-27 14:30	KD3CCO	FN10cs	W0CWA/K	DN70kk	14.097097	10	-19	0	2298	278	WSPR2	230	105	WD_3.3.2-2
2026-06-27 14:30	KD3CCO	FN10cs	HB9VQQ/RE	JN47kh	14.097102	10	-11	-1	6599	52	WSPR2	660	453	WD_3.3.2-2
2026-06-27 14:30	KD3CCO	FN10cs	N8HKU	EN82ee	14.097092	10	3	0	511	290	WSPR2	51	55	2.7.0
2026-06-27 14:30	KD3CCO	FN10cs	K8NVH	EN82lm	14.097097	10	-7	0	478	296	WSPR2	48	38	WD_3.2.3
2026-06-27 14:30	KD3CCO	FN10cs	N5MN	EM10dr	14.097111	10	-8	0	2108	244	WSPR2	211	163	2.6.1
2026-06-27 14:30	KD3CCO	FN10cs	KJ6MKI	CM88oi	14.097097	10	-20	0	3825	281	WSPR2	383	164	WD_3.3.2-2
2026-06-27 14:30	KD3CCO	FN10cs	K9TRV-4	EN82bi	14.097097	10	15	0	536	291	WSPR2	54	77	WD_3.3.2-2
2026-06-27 14:30	KD3CCO	FN10cs	WA2TP	FN30lu	14.097097	10	-5	0	400	87	WSPR2	40	34	WD_3.3.2-2
2026-06-27 14:30	KD3CCO	FN10cs	N6GN5	DN70ll	14.097096	10	-8	0	2291	278	WSPR2	229	177	WD_3.3.2-2
2026-06-27 14:30	KD3CCO	FN10cs	K9TRV-2	EN82bi	14.097099	10	15	0	536	291	WSPR2	54	77	WD_3.3.2-2
2026-06-27 14:30	KD3CCO	FN10cs	KQ9RSS	EM59nu	14.097094	10	18	0	945	267	WSPR2	95	144	2.7.0
2026-06-27 14:30	KD3CCO	FN10cs	W0WWV	DN70mq	14.097097	10	-17	0	2280	279	WSPR2	228	117	WD_3.3.2-2
2026-06-27 14:30	KD3CCO	FN10cs	W1EUJ	DM13nh	14.097097	10	-14	0	3536	269	WSPR2	354	212	WD_3.3.2-2
2026-06-27 14:30	KD3CCO	FN10cs	N8VIM	FN42fq	14.097098	10	-16	0	561	66	WSPR2	56	30	2.7.0
2026-06-27 14:30	KD3CCO	FN10cs	WA5DJJ	DM62ph	14.097097	10	-18	0	2734	259	WSPR2	273	133	2.6.1
2026-06-27 14:30	KD3CCO	FN10cs	W5KUB1	EM55	14.097108	10	1	0	1145	243	WSPR2	115	118	2.6.1
2026-06-27 14:30	KD3CCO	FN10cs	VE3PRO	EN93hk	14.097093	10	-2	0	419	316	WSPR2	42	40	2.5.4
2026-06-27 14:30	KD3CCO	FN10cs	VO1CBL	GN37fn	14.097097	10	7	0	2066	60	WSPR2	207	248	3.0.1
2026-06-27 14:30	KD3CCO	FN10cs	KA3LNA	FM29dc	14.097112	10	0	0	257	136	WSPR2	26	26	2.3.1
2026-06-27 14:30	KD3CCO	FN10cs	K5XL	EM12kp	14.097097	10	13	0	1940	248	WSPR2	194	266	3.0.0
2026-06-27 14:30	KD3CCO	FN10cs	W3BX	FM19	14.097107	10	-24	0	157	156	WSPR2	16	5	2.7.0-rc3
2026-06-27 14:30	KD3CCO	FN10cs	KF9KV	EN52et	14.097096	10	7	0	1006	287	WSPR2	101	121	3.0.0
2026-06-27 14:30	KD3CCO	FN10cs	WA7SKT	DM41ux	14.097091	10	-11	0	3049	262	WSPR2	305	209	3.0.0
2026-06-27 14:30	KD3CCO	FN10cs	K3FZ	FN30kx	14.097152	10	-22	0	393	85	WSPR2	39	14	2.7.0
2026-06-27 14:30	KD3CCO	FN10cs	KD9LVX	EN70	14.097095	10	-7	0	613	269	WSPR2	61	49	2.8.0
2026-06-27 14:30	KD3CCO	FN10cs	KX4AZ/T	EN74gc	14.097097	10	-3	0	730	303	WSPR2	73	67	2.6.1
2026-06-27 14:30	KD3CCO	FN10cs	NT1D	FN42el	14.097101	10	-21	0	546	68	WSPR2	55	22	3.0.0
2026-06-27 14:30	KD3CCO	FN10cs	KR4CSE	EM70de	14.097102	10	-6	0	1377	214	WSPR2	138	114	3.0.0
2026-06-27 14:30	KD3CCO	FN10cs	KG5ABO	EM12hp	14.097115	10	-3	0	1959	249	WSPR2	196	179	3.1.0
2026-06-27 14:30	KD3CCO	FN10cs	WA1RAJ	FN42dt	14.097124	10	-7	-1	553	64	WSPR2	55	44	2.1.0
2026-06-27 14:30	KD3CCO	FN10cs	K1SQ	EM74wb	14.097111	10	-11	0	932	219	WSPR2	93	64	2.6.1
2026-06-27 14:30	KD3CCO	FN10cs	W6MFB	DM13bu	14.0971	10	-21	0	3595	271	WSPR2	360	144	v1.2.117
2026-06-27 14:30	KD3CCO	FN10cs	WESSEX	IO80qr	14.097099	10	-10	0	5679	52	WSPR2	568	406	UberSDR
2026-06-27 14:30	KD3CCO	FN10cs	AC9RZ	EN52	14.097116	10	-11	0	953	285	WSPR2	95	65	2.6.0
2026-06-27 14:30	KD3CCO	FN10cs	KJ5MTR	EM10em	14.097098	10	-26	0	2116	244	WSPR2	212	55	3.0.0
2026-06-27 14:30	KD3CCO	FN10cs	AD5OS	EL29fp	14.097093	10	-17	0	2026	238	WSPR2	203	104	2.5.4
2026-06-27 14:30	KD3CCO	FN10cs	N8MH	FM05pk	14.097097	10	-16	0	598	188	WSPR2	60	33	3.1.0
2026-06-27 14:30	KD3CCO	FN10cs	KF8EEZ/0	EM79vr	14.097109	10	1	0	557	260	WSPR2	56	58	2.7.0
2026-06-27 14:30	KD3CCO	FN10cs	WI0K	DM79ps	14.097128	10	-21	1	2277	276	WSPR2	228	91	2.7.0
2026-06-27 14:30	KD3CCO	FN10cs	KQ4PLL	EM63um	14.097117	10	-13	0	1102	226	WSPR2	110	69	3.1.0
2026-06-27 14:30	KD3CCO	FN10cs	AE5AU	EM34rq	14.097099	10	-9	0	1460	247	WSPR2	146	108	SparkSDR
2026-06-27 14:30	KD3CCO	FN10cs	N5CSC	EL09uj	14.097096	10	-5	0	2245	242	WSPR2	225	193	3.0.0
2026-06-27 14:30	KD3CCO	FN10cs	KC1WZQ	FN42ln	14.097097	10	-9	1	595	68	WSPR2	60	45	3.0.0
2026-06-27 14:30	KD3CCO	FN10cs	W0ASW	EN34iw	14.097094	10	-27	0	1343	295	WSPR2	134	31	2.7.0-rc3
2026-06-27 14:30	KD3CCO	FN10cs	AC0G/S	EM38ww	14.097097	10	-22	0	1239	265	WSPR2	124	46	WD_4.0
2026-06-27 14:30	KD3CCO	FN10cs	VE6JY	DO33or	14.097098	10	-7	0	2967	311	WSPR2	297	238	2.7.1-deve
2026-06-27 14:30	KD3CCO	FN10cs	WE6K	CM87ss	14.097098	10	-19	0	3818	280	WSPR2	382	175	v1.2.117
2026-06-27 14:30	KD3CCO	FN10cs	AJ4AV	EM73tw	14.097109	10	-21	0	956	219	WSPR2	96	38	v1.2.117
2026-06-27 14:30	KD3CCO	FN10cs	KA3BWP2	FM18	14.097104	10	-17	0	263	166	WSPR2	26	13	2.5.4
2026-06-27 14:30	KD3CCO	FN10cs	K2DAK	DM33vq	14.097101	10	-20	0	3125	267	WSPR2	313	134	2.7.0
2026-06-27 14:30	KD3CCO	FN10cs	W4MXZ	FM17jo	14.097104	10	4	0	356	172	WSPR2	36	40	2.7.0
2026-06-27 14:30	KD3CCO	FN10cs	CT7AJC	IN50sf	14.097096	10	-4	0	5700	66	WSPR2	570	505	web-888
2026-06-27 14:30	KD3CCO	FN10cs	AC1BC	FN42lh	14.097066	10	-22	0	587	71	WSPR2	59	22	1.4A Kiwi
2026-06-27 14:30	KD3CCO	FN10cs	KE8OIR	EM79sm	14.097096	10	-3	0	583	258	WSPR2	58	53	3.0.1
2026-06-27 14:30	KD3CCO	FN10cs	KK6PXP	CM87vt	14.097105	10	-22	0	3796	280	WSPR2	380	141	2.6.1
2026-06-27 14:30	KD3CCO	FN10cs	K9TRV	EN82bi	14.097097	10	14	0	536	291	WSPR2	54	76	WD_3.3.2-2
2026-06-27 14:30	KD3CCO	FN10cs	WA5SON	EM20cb	14.097152	10	-28	0	2013	239	WSPR2	201	40	2.7.0
2026-06-27 14:30	KD3CCO	FN10cs	NG5P	EM34vt	14.097118	10	-22	0	1427	247	WSPR2	143	53	SparkSDR
2026-06-27 14:30	KD3CCO	FN10cs	KW4TN	EM75vu	14.097098	10	-15	0	782	228	WSPR2	78	45	2.7.0
2026-06-27 14:30	KD3CCO	FN10cs	WE6Z	CM98mn	14.09711	10	-22	0	3666	281	WSPR2	367	136	SparkSDR
2026-06-27 14:30	KD3CCO	FN10cs	W4FG	EM78qv	14.097144	10	2	0	619	253	WSPR2	62	66	rtlsdr-056
2026-06-27 14:30	KD3CCO	FN10cs	KG5VWO	EM40oh	14.09711	10	11	0	1650	229	WSPR2	165	217	web-888
2026-06-27 14:30	KD3CCO	FN10cs	AA7US	DM41um	14.097096	10	-16	0	3073	261	WSPR2	307	167	3.0.1
2026-06-27 14:30	KD3CCO	FN10cs	N2KPQ	EM94qw	14.097098	10	3	0	695	202	WSPR2	70	76	2.7.0
2026-06-27 14:30	KD3CCO	FN10cs	N5MCB	EM13pe	14.097099	10	-1	0	1875	249	WSPR2	188	183	web-888
2026-06-27 14:30	KD3CCO	FN10cs	N7QME	CN94	14.097096	10	-18	0	3521	291	WSPR2	352	171	3.1.0
2026-06-27 14:30	KD3CCO	FN10cs	WD4ELG	FM06be	14.097142	10	14	1	541	200	WSPR2	54	76	3.0.2
2026-06-27 14:30	KD3CCO	FN10cs	N7LEM	DM78pw	14.097104	10	-11	0	2298	274	WSPR2	230	158	2.7.0
2026-06-27 14:30	KD3CCO	FN10cs	AC0ZW	DM79ju	14.097097	10	-17	0	2317	277	WSPR2	232	119	web-888
2026-06-27 14:30	KD3CCO	FN10cs	56IGJF	FN42ed	14.09701	10	-21	0	536	71	WSPR2	54	22	3.0.2
2026-06-27 14:30	KD3CCO	FN10cs	AB1WQ	FN42eq	14.097108	10	-17	0	554	65	WSPR2	55	28	3.0.1
2026-06-27 14:30	KD3CCO	FN10cs	KB8VME	EN61as	14.097106	10	-15	0	856	281	WSPR2	86	49	3.0.1
2026-06-27 14:30	KD3CCO	FN10cs	KN4RQD	FM18gh	14.097103	10	0	0	275	174	WSPR2	28	28	2.8.0
2026-06-27 14:30	KD3CCO	FN10cs	KC0KVR	EM48rp	14.097113	10	-19	0	1115	262	WSPR2	112	51	3.0.0
2026-06-27 14:30	KD3CCO	FN10cs	VA3ROM	EN58jk	14.097097	10	-8	0	1240	317	WSPR2	124	96	UberSDR
2026-06-27 14:30	KD3CCO	FN10cs	WJ1I	FN41xq	14.097173	10	-19	0	656	79	WSPR2	66	30	2.7.0
2026-06-27 14:30	KD3CCO	FN10cs	KG6IQH/SDR	CM96bn	14.097072	10	-27	0	3815	278	WSPR2	382	87	2.6.1
2026-06-27 14:30	KD3CCO	FN10cs	K5JBT	EL29ds	14.097122	10	-4	0	2028	239	WSPR2	203	180	UberSDR
2026-06-27 14:30	KD3CCO	FN10cs	AK6RI-1	CM87xi	14.097097	10	-15	0	3799	279	WSPR2	380	217	UberSDR
2026-06-27 14:30	KD3CCO	FN10cs	NY4Q	EM84am	14.097098	10	-7	0	881	220	WSPR2	88	70	UberSDR
2026-06-27 14:30	KD3CCO	FN10cs	KK1D	FN31vi	14.097097	10	-11	0	472	80	WSPR2	47	32	3.0.1
2026-06-27 14:28	W7GRX	DM43am	KD3CCO	FN10cs	14.097203	0.2	-18	0	3112	65	WSPR2	15560	7558	3.0.1
2026-06-27 14:28	KS4VA	HN54	KD3CCO	FN10cs	14.097187	0.02	-20	0	3951	282	WSPR2	197550	84664	3.0.1
2026-06-27 14:28	K8RAY	EN72	KD3CCO	FN10cs	14.097166	0.01	-2	0	632	105	WSPR2	63200	59589	3.0.1
2026-06-27 14:28	N9VP	FM06bc	KD3CCO	FN10cs	14.097156	0.2	-13	0	550	19	WSPR2	2750	1729	3.0.1
2026-06-27 14:28	K0PCG	EN31	KD3CCO	FN10cs	14.097155	0.2	-21	0	1278	88	WSPR2	6390	2556	3.0.1
2026-06-27 14:28	W5RIN	EM20	KD3CCO	FN10cs	14.097141	0.02	-9	0	1928	49	WSPR2	96400	71611	3.0.1
2026-06-27 14:28	KX4DQ	EM66	KD3CCO	FN10cs	14.097136	0.2	-9	0	934	56	WSPR2	4670	3469	3.0.1
2026-06-27 14:28	DL1FX	JN49gr	KD3CCO	FN10cs	14.097128	0.2	-23	0	6452	297	WSPR2	32260	11061	3.0.1
2026-06-27 14:28	KM4TTS	EM80bn	KD3CCO	FN10cs	14.097118	0.2	-20	0	1260	24	WSPR2	6300	2700	3.0.1
2026-06-27 14:28	KE4HSV	EM74	KD3CCO	FN10cs	14.097109	0.2	-14	0	946	40	WSPR2	4730	2838	3.0.1
2026-06-27 14:28	N8VIM	FN42fq	KD3CCO	FN10cs	14.097101	5	-7	0	561	250	WSPR2	112	90	3.0.1
2026-06-27 14:28	AK1WI	FN42	KD3CCO	FN10cs	14.097099	2	-13	0	592	254	WSPR2	296	186	3.0.1
2026-06-27 14:28	N5CSC	EL09uj	KD3CCO	FN10cs	14.097088	5	-5	-1	2245	50	WSPR2	449	385	3.0.1
2026-06-27 14:28	W8CJL	FN41tp	KD3CCO	FN10cs	14.097065	0.2	-5	0	628	264	WSPR2	3140	2691	3.0.1
2026-06-27 14:28	KF0SCE	EN42	KD3CCO	FN10cs	14.097058	0.2	-20	0	1116	95	WSPR2	5580	2391	3.0.1
2026-06-27 14:28	WW0WWV	DN70mq	KD3CCO	FN10cs	14.097054	1	-10	0	2280	81	WSPR2	2280	1629	3.0.1
2026-06-27 14:28	WB9UOM	EM79	KD3CCO	FN10cs	14.09704	0.2	-17	1	633	75	WSPR2	3165	1628	3.0.1
2026-06-27 14:28	N0KSU	EM19rf	KD3CCO	FN10cs	14.097018	0.5	-21	0	1603	78	WSPR2	3206	1282	3.0.1
2026-06-27 14:28	KN4UCR	FN54ou	KD3CCO	FN10cs	14.097011	0.2	-25	0	862	241	WSPR2	4310	1231	3.0.1
2026-06-27 14:28	KF4JU	EL87pt	KD3CCO	FN10cs	14.096993	0.2	-9	0	1509	16	WSPR2	7545	5605	3.0.1
2026-06-27 14:26	G8MCD	IO91us	KD3CCO	FN10cs	14.09702	0.2	-21	0	5792	290	WSPR2	28960	11584	3.0.1
2026-06-27 14:26	W9RAG	EN54	KD3CCO	FN10cs	14.097173	0.2	-10	0	1007	110	WSPR2	5035	3596	3.0.1
2026-06-27 14:26	AE9J	EM69rs	KD3CCO	FN10cs	14.097173	0.2	-16	0	750	79	WSPR2	3750	2036	3.0.1
2026-06-27 14:26	N9VP	FM06bc	KD3CCO	FN10cs	14.097165	0.2	-15	0	550	19	WSPR2	2750	1571	3.0.1
2026-06-27 14:26	KB4ZVM	EM84	KD3CCO	FN10cs	14.097163	0.1	-2	0	838	32	WSPR2	8380	7901	3.0.1
2026-06-27 14:26	PI9ESA	JO22ff	KD3CCO	FN10cs	14.097155	0.5	-20	0	6075	293	WSPR2	12150	5207	3.0.1
2026-06-27 14:26	AB0VZ	DM79	KD3CCO	FN10cs	14.09714	1	-7	0	2312	78	WSPR2	2312	1850	3.0.1
2026-06-27 14:26	K0CFW	EN34oq	KD3CCO	FN10cs	14.097136	0.2	-17	0	1298	104	WSPR2	6490	3338	3.0.1
2026-06-27 14:26	KD5LBK	EM13la	KD3CCO	FN10cs	14.097133	0.2	-11	1	1911	58	WSPR2	9555	6552	3.0.1
2026-06-27 14:26	KE6VNI	EN72	KD3CCO	FN10cs	14.09713	0.2	-7	0	632	105	WSPR2	3160	2528	3.0.1
2026-06-27 14:26	KE4HSV	EM74	KD3CCO	FN10cs	14.097117	0.2	-9	0	946	40	WSPR2	4730	3514	3.0.1
2026-06-27 14:26	WA3ITR	FN42	KD3CCO	FN10cs	14.097114	2	-6	0	592	254	WSPR2	296	245	3.0.1
2026-06-27 14:26	KM4TTS	EM80bn	KD3CCO	FN10cs	14.097105	0.2	-16	1	1260	24	WSPR2	6300	3420	3.0.1
2026-06-27 14:26	K1YZY	FN41xr	KD3CCO	FN10cs	14.097104	5	-7	0	656	263	WSPR2	131	105	3.0.1
2026-06-27 14:26	KC1LNQ	FN42	KD3CCO	FN10cs	14.097098	2	-10	0	592	254	WSPR2	296	211	3.0.1
2026-06-27 14:26	KB0VYG	EN11vi	KD3CCO	FN10cs	14.09709	0.2	-10	0	1543	86	WSPR2	7715	5511	3.0.1
2026-06-27 14:26	W9HIF	EM83gw	KD3CCO	FN10cs	14.097083	0.2	-22	0	910	32	WSPR2	4550	1690	3.0.1
2026-06-27 14:26	K1SQ	EM74wb	KD3CCO	FN10cs	14.097069	1	-6	0	932	35	WSPR2	932	772	3.0.1
2026-06-27 14:26	W8CJL	FN41tp	KD3CCO	FN10cs	14.097066	0.2	-7	0	628	264	WSPR2	3140	2512	3.0.1
2026-06-27 14:26	WW0WWV	DN70mq	KD3CCO	FN10cs	14.097053	1	-13	0	2280	81	WSPR2	2280	1433	3.0.1
2026-06-27 14:26	AA0O	EL86	KD3CCO	FN10cs	14.097026	0.02	-15	0	1661	16	WSPR2	83050	47457	3.0.1
2026-06-27 14:26	VE3VOG	EN82mi	KD3CCO	FN10cs	14.09718	0.2	-15	0	464	111	WSPR2	2320	1326	3.0.1
2026-06-27 14:26	G4GCI	IO90gu	KD3CCO	FN10cs	14.097012	5	-13	0	5752	290	WSPR2	1150	723	3.0.1
2026-06-27 14:24	KD3CCO	FN10cs	KFS/OMNI	CM87tj	14.097096	10	-5	0	3825	279	WSPR2	383	328	WD_3.3.2-2
2026-06-27 14:24	KD3CCO	FN10cs	W0WWV	DN70mq	14.097096	10	-23	0	2280	279	WSPR2	228	78	WD_3.3.2-2
2026-06-27 14:24	KD3CCO	FN10cs	N8VIM	FN42fq	14.097098	10	-19	0	561	66	WSPR2	56	26	2.7.0
2026-06-27 14:24	KD3CCO	FN10cs	K9TRV-2	EN82bi	14.097099	10	10	0	536	291	WSPR2	54	69	WD_3.3.2-2
2026-06-27 14:24	KD3CCO	FN10cs	N4JJS	FM05pn	14.097097	10	-26	0	585	188	WSPR2	59	15	1.4A Kiwi
2026-06-27 14:24	KD3CCO	FN10cs	N6GN5	DN70ll	14.097096	10	-13	0	2291	278	WSPR2	229	144	WD_3.3.2-2
2026-06-27 14:24	KD3CCO	FN10cs	K9TRV-5	EN82bi	14.097097	10	8	0	536	291	WSPR2	54	66	WD_3.3.2-2
2026-06-27 14:24	KD3CCO	FN10cs	W1EUJ	DM13nh	14.097096	10	-12	0	3536	269	WSPR2	354	233	WD_3.3.2-2
2026-06-27 14:24	KD3CCO	FN10cs	K6VZK	DM13nh	14.097097	10	-2	0	3536	269	WSPR2	354	334	WD_3.3.2-2
2026-06-27 14:24	KD3CCO	FN10cs	K9TRV	EN82bi	14.097097	10	8	0	536	291	WSPR2	54	66	WD_3.3.2-2
2026-06-27 14:24	KD3CCO	FN10cs	AC0G/ND	EN16ov	14.097096	10	-24	0	1664	300	WSPR2	166	52	WD_3.3.2-2
2026-06-27 14:24	KD3CCO	FN10cs	WA2TP	FN30lu	14.097097	10	-3	0	400	87	WSPR2	40	37	WD_3.3.2-2
2026-06-27 14:24	KD3CCO	FN10cs	KC2G	FN21wa	14.097097	10	-15	1	309	84	WSPR2	31	18	WD_3.3.2-2
2026-06-27 14:24	KD3CCO	FN10cs	KX4AZ/T	EN74gc	14.097096	10	2	0	730	303	WSPR2	73	77	WD_3.3.2-2
2026-06-27 14:24	KD3CCO	FN10cs	KK7IXU	CN88no	14.097096	10	-22	0	3613	299	WSPR2	361	134	WD_3.3.2-2
2026-06-27 14:24	KD3CCO	FN10cs	N5XXN	DM81ru	14.097094	10	-18	0	2418	254	WSPR2	242	118	
2026-06-27 14:24	KD3CCO	FN10cs	K9TRV-4	EN82bi	14.097096	10	9	0	536	291	WSPR2	54	68	WD_3.3.2-2
2026-06-27 14:24	KD3CCO	FN10cs	N8HKU	EN82ee	14.097092	10	5	0	511	290	WSPR2	51	58	2.7.0
2026-06-27 14:24	KD3CCO	FN10cs	KI5MQY	EM13qa	14.097159	10	-6	0	1878	249	WSPR2	188	156	3.0.1
2026-06-27 14:24	KD3CCO	FN10cs	KR4NJ	FM05ov	14.097098	10	8	0	549	189	WSPR2	55	68	3.0.0
2026-06-27 14:24	KD3CCO	FN10cs	VO1CBL	GN37fn	14.097096	10	0	0	2066	60	WSPR2	207	207	3.0.1
2026-06-27 14:24	KD3CCO	FN10cs	KQ9RSS	EM59nu	14.097094	10	19	0	945	267	WSPR2	95	147	2.7.0
2026-06-27 14:24	KD3CCO	FN10cs	W5KUB1	EM55	14.097108	10	-7	0	1145	243	WSPR2	115	92	2.6.1
2026-06-27 14:24	KD3CCO	FN10cs	N5MN	EM10dr	14.097111	10	3	0	2108	244	WSPR2	211	229	2.6.1
2026-06-27 14:24	KD3CCO	FN10cs	K1SQ	EM74wb	14.097111	10	-7	0	932	219	WSPR2	93	74	2.6.1
2026-06-27 14:24	KD3CCO	FN10cs	N5CSC	EL09uj	14.097095	10	-2	0	2245	242	WSPR2	225	212	3.0.0
2026-06-27 14:24	KD3CCO	FN10cs	KQ2Y	FN31gn	14.097099	10	-12	0	373	75	WSPR2	37	24	v1.2.117
2026-06-27 14:24	KD3CCO	FN10cs	KD9LVX	EN70	14.097095	10	-5	0	613	269	WSPR2	61	52	2.8.0
2026-06-27 14:24	KD3CCO	FN10cs	VE6JY	DO33or	14.097126	10	-3	0	2967	311	WSPR2	297	272	3.0.0
2026-06-27 14:24	KD3CCO	FN10cs	W6MFB	DM13bu	14.0971	10	-12	0	3595	271	WSPR2	360	237	v1.2.117
2026-06-27 14:24	KD3CCO	FN10cs	KF8EEZ/0	EM79vr	14.097109	10	0	0	557	260	WSPR2	56	56	2.7.0
2026-06-27 14:24	KD3CCO	FN10cs	AA7US	DM41um	14.097095	10	-25	0	3073	261	WSPR2	307	88	3.0.1
2026-06-27 14:24	KD3CCO	FN10cs	WD4ELG	FM06be	14.097136	10	1	0	541	200	WSPR2	54	56	3.0.2
2026-06-27 14:24	KD3CCO	FN10cs	N5UTV/VT	EM26ad	14.097096	10	-24	0	1660	258	WSPR2	166	52	2.0_r1714
2026-06-27 14:24	KD3CCO	FN10cs	KE8OIR	EM79sm	14.097096	10	3	0	583	258	WSPR2	58	63	3.0.1
2026-06-27 14:24	KD3CCO	FN10cs	KA3LNA	FM29dc	14.097112	10	-17	0	257	136	WSPR2	26	13	2.3.1
2026-06-27 14:24	KD3CCO	FN10cs	N7LEM	DM78pw	14.097104	10	-15	0	2298	274	WSPR2	230	131	2.7.0
2026-06-27 14:24	KD3CCO	FN10cs	K5QP	EM13sc	14.097047	10	-19	0	1860	249	WSPR2	186	85	2.6.1
2026-06-27 14:24	KD3CCO	FN10cs	AJ4AV	EM73tw	14.097109	10	-21	0	956	219	WSPR2	96	38	v1.2.117
2026-06-27 14:24	KD3CCO	FN10cs	KD9JWC	FN34tx	14.098632	10	-10	0	643	42	WSPR2	64	46	2.7.0
2026-06-27 14:24	KD3CCO	FN10cs	WJ1I	FN41xq	14.097173	10	-21	0	656	79	WSPR2	66	26	2.7.0
2026-06-27 14:24	KD3CCO	FN10cs	K4FMH	EM52aa	14.097101	10	-19	0	1458	232	WSPR2	146	67	v1.2.49
2026-06-27 14:24	KD3CCO	FN10cs	N2KPQ	EM94qw	14.097098	10	1	0	695	202	WSPR2	70	72	2.7.0
2026-06-27 14:24	KD3CCO	FN10cs	KK6PXP	CM87vt	14.097104	10	-20	0	3796	280	WSPR2	380	163	2.6.1
2026-06-27 14:24	KD3CCO	FN10cs	KK6UC	DM12jv	14.09714	10	-24	0	3584	269	WSPR2	358	113	1.4A Kiwi
2026-06-27 14:24	KD3CCO	FN10cs	VE3PRO	EN93hk	14.097093	10	-4	0	419	316	WSPR2	42	37	2.5.4
2026-06-27 14:24	KD3CCO	FN10cs	N0STP	EN34kw	14.09711	10	-24	0	1330	295	WSPR2	133	42	2.7.0
2026-06-27 14:24	KD3CCO	FN10cs	W4BLD	EL98gw	14.09718	10	-27	0	1357	195	WSPR2	136	31	2.2.159
2026-06-27 14:24	KD3CCO	FN10cs	AE6RQ	CM97bf	14.097097	10	-23	0	3790	279	WSPR2	379	130	1.4A Kiwi
2026-06-27 14:24	KD3CCO	FN10cs	NT1D	FN42el	14.097101	10	-15	0	546	68	WSPR2	55	31	3.0.0
2026-06-27 14:24	KD3CCO	FN10cs	W4MXZ	FM17jo	14.097103	10	1	0	356	172	WSPR2	36	37	2.7.0
2026-06-27 14:24	KD3CCO	FN10cs	K7AMR	DM43fj	14.097102	10	-13	0	3083	266	WSPR2	308	194	2.6.1
2026-06-27 14:24	KD3CCO	FN10cs	WA7SKT	DM41ux	14.09709	10	-21	0	3049	262	WSPR2	305	122	3.0.0
2026-06-27 14:24	KD3CCO	FN10cs	VE2SUS	FN35cl	14.097088	10	-23	0	616	30	WSPR2	62	21	v1.2.115
2026-06-27 14:24	KD3CCO	FN10cs	WA3VFM	DM78nt	14.097097	10	-11	0	2315	273	WSPR2	232	159	2.7.0
2026-06-27 14:24	KD3CCO	FN10cs	AC1BC	FN42lh	14.097066	10	-24	0	587	71	WSPR2	59	19	1.4A Kiwi
2026-06-27 14:24	KD3CCO	FN10cs	AE5AU	EM34rq	14.097099	10	-13	0	1460	247	WSPR2	146	92	SparkSDR
2026-06-27 14:24	KD3CCO	FN10cs	KC0KVR	EM48rp	14.097113	10	-20	0	1115	262	WSPR2	112	48	SparkSDR
2026-06-27 14:24	KD3CCO	FN10cs	WE6Z	CM98mn	14.097109	10	-21	0	3666	281	WSPR2	367	147	SparkSDR
2026-06-27 14:24	KD3CCO	FN10cs	KB8VME	EN61as	14.097106	10	-2	0	856	281	WSPR2	86	81	3.0.1
2026-06-27 14:24	KD3CCO	FN10cs	N0CALL2FFC87	EN50mm	14.097091	10	-22	0	942	272	WSPR2	94	35	v1.2.117
2026-06-27 14:24	KD3CCO	FN10cs	K5XL	EM12kp	14.097096	10	14	0	1940	248	WSPR2	194	272	3.0.0
2026-06-27 14:24	KD3CCO	FN10cs	KF4JU	EL87pt	14.097117	10	-16	0	1509	199	WSPR2	151	82	2.6.1
2026-06-27 14:24	KD3CCO	FN10cs	WE6K	CM87ss	14.097098	10	-17	0	3818	280	WSPR2	382	196	v1.2.117
2026-06-27 14:24	KD3CCO	FN10cs	NG5P	EM34vt	14.097118	10	-22	0	1427	247	WSPR2	143	53	SparkSDR
2026-06-27 14:24	KD3CCO	FN10cs	W6BOS	CM97bh	14.097097	10	-24	0	3787	279	WSPR2	379	119	web-888
2026-06-27 14:24	KD3CCO	FN10cs	KJ5MTR	EM10em	14.097097	10	-20	0	2116	244	WSPR2	212	91	3.0.0
2026-06-27 14:24	KD3CCO	FN10cs	AB1WQ	FN42eq	14.097108	10	-20	0	554	65	WSPR2	55	24	3.0.1
2026-06-27 14:24	KD3CCO	FN10cs	KG6IQH/SDR	CM96bn	14.097071	10	-26	0	3815	278	WSPR2	382	98	2.6.1
2026-06-27 14:24	KD3CCO	FN10cs	AC0ZW	DM79ju	14.097097	10	-24	0	2317	277	WSPR2	232	73	web-888
2026-06-27 14:24	KD3CCO	FN10cs	VA3ROM	EN58jk	14.097096	10	-13	0	1240	317	WSPR2	124	78	UberSDR
2026-06-27 14:24	KD3CCO	FN10cs	AK6RI-1	CM87xi	14.097096	10	-21	0	3799	279	WSPR2	380	152	UberSDR
2026-06-27 14:24	KD3CCO	FN10cs	KD2M	EL87sg	14.097096	10	-15	0	1561	197	WSPR2	156	89	UberSDR
2026-06-27 14:24	KD3CCO	FN10cs	NY4Q	EM84am	14.097098	10	-6	0	881	220	WSPR2	88	73	UberSDR
2026-06-27 14:24	KD3CCO	FN10cs	K5JBT	EL29ds	14.097122	10	-7	0	2028	239	WSPR2	203	162	UberSDR
2026-06-27 14:24	KD3CCO	FN10cs	N7QXB	DN40cq	14.097096	10	-28	0	2847	281	WSPR2	285	57	UberSDR
2026-06-27 14:24	KD3CCO	FN10cs	N4TTN	FM05pm	14.097097	10	-3	0	589	188	WSPR2	59	54	1.4A Kiwi
2026-06-27 14:24	KD3CCO	FN10cs	KD2OM	FN12gx	14.097096	10	-18	0	247	6	WSPR2	25	12	WD_3.3.2-2
2026-06-27 14:24	KD3CCO	FN10cs	KFS	CM87tj	14.097096	10	-5	0	3825	279	WSPR2	383	328	WD_3.3.2-2
2026-06-27 14:24	KD3CCO	FN10cs	KW7MM	DM42mm	14.097111	10	-7	0	3077	263	WSPR2	308	246	CWSL_DIGI
2026-06-27 14:24	KD3CCO	FN10cs	K9IMM	EN52cv	14.097079	10	1	0	1021	287	WSPR2	102	105	CWSL_DIGI
2026-06-27 14:24	KD3CCO	FN10cs	K5VW	DM72su	14.097097	10	-22	0	2520	258	WSPR2	252	94	web-888
2026-06-27 14:24	KD3CCO	FN10cs	WO2S	FM05pv	14.097098	10	-5	0	548	189	WSPR2	55	47	1.4A Kiwi
2026-06-27 14:24	KD3CCO	FN10cs	N0GQ	DM79pi	14.097097	10	-16	0	2287	275	WSPR2	229	124	1.4A Kiwi
2026-06-27 14:24	KD3CCO	FN10cs	N3AGE-0	FN30hw	14.097097	10	-23	0	372	86	WSPR2	37	13	WD_3.3.2-2
2026-06-27 14:24	KD3CCO	FN10cs	KD4OKR	FM05on	14.097119	10	9	0	586	189	WSPR2	59	74	1.4A Kiwi
2026-06-27 14:24	KD3CCO	FN10cs	K8NVH-K0	EN82lm	14.097114	10	-5	0	478	296	WSPR2	48	41	1.4A Kiwi
2026-06-27 14:24	KD3CCO	FN10cs	KG6JMO	DM13ie	14.097097	10	-21	0	3577	269	WSPR2	358	143	web-888
2026-06-27 14:24	KD3CCO	FN10cs	N5MCB	EM13pe	14.097099	10	0	0	1875	249	WSPR2	188	188	web-888
2026-06-27 14:24	KD3CCO	FN10cs	KG5VWO	EM40oh	14.097109	10	4	0	1650	229	WSPR2	165	184	web-888
2026-06-27 14:24	KD3CCO	FN10cs	KD5QLM	EM13lb	14.097097	10	-9	0	1908	249	WSPR2	191	142	web-888
2026-06-27 14:24	KD3CCO	FN10cs	N9AWU	EM69sm	14.097096	10	-1	0	749	262	WSPR2	75	73	web-888
2026-06-27 14:24	KD3CCO	FN10cs	VE2EBM	FN36lb	14.097097	10	8	0	702	31	WSPR2	70	86	web-888
2026-06-27 14:24	KD3CCO	FN10cs	W3MLM	DN70ln	14.09701	10	-1	0	2289	278	WSPR2	229	222	1.3 Kiwi
2026-06-27 14:24	KD3CCO	FN10cs	KFS/SE	CM87tj	14.097096	10	-6	0	3825	279	WSPR2	383	317	WD_3.3.2-2
2026-06-27 14:24	KD3CCO	FN10cs	KX4AZ/A	EM83hw	14.097097	10	3	0	906	215	WSPR2	91	99	WD_3.3.2-1
2026-06-27 14:24	KD3CCO	FN10cs	KPH2	CM88mc	14.097096	10	-1	0	3847	281	WSPR2	385	374	WD_3.3.2-2
2026-06-27 14:24	KD3CCO	FN10cs	KM4MZA	EM78qe	14.097097	10	-6	0	653	246	WSPR2	65	54	1.4A Kiwi
2026-06-27 14:24	KD3CCO	FN10cs	EA8BFK	IL38bo	14.097096	10	-1	0	5868	82	WSPR2	587	570	WD_3.3.2-2
2026-06-27 14:24	KD3CCO	FN10cs	KD7EFG-1	DN31uo	14.097096	10	-2	0	2869	283	WSPR2	287	271	WD_3.3.2-2
2026-06-27 14:24	KD3CCO	FN10cs	KD7EFG	DN31uo	14.097096	10	-8	0	2869	283	WSPR2	287	221	WD_3.3.2-2
2026-06-27 14:24	KD3CCO	FN10cs	N6GN4	DN70ll	14.097096	10	-9	0	2291	278	WSPR2	229	170	WD_3.3.2-2
2026-06-27 14:24	KD3CCO	FN10cs	KK4NLK	EM84bf	14.097112	10	-16	0	903	218	WSPR2	90	49	v1.2.102
2026-06-27 14:24	KD3CCO	FN10cs	K1YZY	FN41xr	14.097076	10	-7	0	656	78	WSPR2	66	53	2.0_r1714
2026-06-27 14:24	KD3CCO	FN10cs	K9DZT	EN52wx	14.097096	10	-3	0	889	289	WSPR2	89	81	WD_3.3.2-2
2026-06-27 14:24	KD3CCO	FN10cs	KP4MD	CM98iq	14.097096	10	-15	0	3689	281	WSPR2	369	211	WD_3.3.2-2
2026-06-27 14:24	KD3CCO	FN10cs	W0CWA/K	DN70kk	14.097097	10	-25	0	2298	278	WSPR2	230	66	WD_3.3.2-2
2026-06-27 14:24	KD3CCO	FN10cs	W1CK-1	DM13ie	14.097097	10	-13	0	3577	269	WSPR2	358	225	WD_3.3.2-2
2026-06-27 14:24	KD3CCO	FN10cs	WA5DJJ	DM62ph	14.097097	10	-16	0	2734	259	WSPR2	273	148	2.6.1
2026-06-27 14:24	KD3CCO	FN10cs	K8NVH	EN82lm	14.097092	10	-5	0	478	296	WSPR2	48	41	WD_3.2.3
2026-06-27 14:24	KD3CCO	FN10cs	NI5F	EM70fu	14.097112	10	-5	0	1304	215	WSPR2	130	111	v1.2.2
2026-06-27 14:24	KD3CCO	FN10cs	KJ6MKI	CM88oi	14.097096	10	-19	0	3825	281	WSPR2	383	175	WD_3.3.2-2
2026-06-27 14:24	KD3CCO	FN10cs	W1CK	DM13ie	14.097097	10	-13	0	3577	269	WSPR2	358	225	WD_3.3.2-2
2026-06-27 14:24	KD3CCO	FN10cs	K6PZB	CM88nk	14.097097	10	-24	0	3828	281	WSPR2	383	120	WD_3.1.7
2026-06-27 14:24	KD3CCO	FN10cs	KV0S	EM38tv	14.097099	10	-12	0	1261	265	WSPR2	126	83	WD_3.3.2-2
2026-06-27 14:22	KF7YWH	DN33vi	KD3CCO	FN10cs	14.097195	10	-11	0	2835	84	WSPR2	284	195	3.0.1
2026-06-27 14:22	K7GXB	DM34sn	KD3CCO	FN10cs	14.097184	20	-10	0	3107	67	WSPR2	155	111	3.0.1
2026-06-27 14:22	K4RCC	EM85ji	KD3CCO	FN10cs	14.097155	0.2	-14	0	766	37	WSPR2	3830	2298	3.0.1
2026-06-27 14:22	2E0DLC	IO93	KD3CCO	FN10cs	14.097151	0.2	-22	-1	5681	289	WSPR2	28405	10550	3.0.1
2026-06-27 14:22	KF4JU	EL87pt	KD3CCO	FN10cs	14.097151	0.2	-12	0	1509	16	WSPR2	7545	4958	3.0.1
2026-06-27 14:22	WA3VFM	DM78nt	KD3CCO	FN10cs	14.097143	5	-13	0	2315	76	WSPR2	463	291	3.0.1
2026-06-27 14:22	N9VP	FM06bc	KD3CCO	FN10cs	14.097136	0.2	-10	0	550	19	WSPR2	2750	1964	3.0.1
2026-06-27 14:22	KM4TTS	EM80bn	KD3CCO	FN10cs	14.097129	0.2	-17	0	1260	24	WSPR2	6300	3240	3.0.1
2026-06-27 14:22	N5WNE	DM59qb	KD3CCO	FN10cs	14.097124	0.2	-20	0	2623	76	WSPR2	13115	5621	3.0.1
2026-06-27 14:22	WA3ITR	FN42	KD3CCO	FN10cs	14.097114	2	-5	0	592	254	WSPR2	296	254	3.0.1
2026-06-27 14:22	KD0QPC	EM38un	KD3CCO	FN10cs	14.097109	0.2	-19	0	1264	74	WSPR2	6320	2889	3.0.1
2026-06-27 14:22	AC9YY	EN51	KD3CCO	FN10cs	14.097104	0.5	-11	0	945	91	WSPR2	1890	1296	3.0.1
2026-06-27 14:22	N4CEI	DM13la	KD3CCO	FN10cs	14.0971	0.5	-18	0	3564	65	WSPR2	7128	3462	3.0.1
2026-06-27 14:22	N5CEC	EM69	KD3CCO	FN10cs	14.097086	0.2	-20	0	799	77	WSPR2	3995	1712	3.0.1
2026-06-27 14:22	WB4JPG	EM71gf	KD3CCO	FN10cs	14.097086	0.1	-29	0	1264	31	WSPR2	12640	2167	3.0.1
2026-06-27 14:22	EA5RKP	IM99	KD3CCO	FN10cs	14.09708	0.2	-23	0	6304	298	WSPR2	31520	10807	3.0.1
2026-06-27 14:22	W1BCL	FN42ho	KD3CCO	FN10cs	14.097066	0.1	-27	0	570	251	WSPR2	5700	1303	3.0.1
2026-06-27 14:22	NF6S	CM97	KD3CCO	FN10cs	14.09706	0.2	-21	0	3711	71	WSPR2	18555	7422	3.0.1
2026-06-27 14:22	WW0WWV	DN70mq	KD3CCO	FN10cs	14.097054	1	-8	0	2280	81	WSPR2	2280	1759	3.0.1
2026-06-27 14:22	AA1AH	FN43	KD3CCO	FN10cs	14.09705	0.2	-16	0	633	244	WSPR2	3165	1718	3.0.1
2026-06-27 14:22	SM4GTV	JP70ld	KD3CCO	FN10cs	14.097043	1	-14	0	6310	295	WSPR2	6310	3786	3.0.1
2026-06-27 14:22	K0CFW	EN34oq	KD3CCO	FN10cs	14.097039	0.2	-16	0	1298	104	WSPR2	6490	3523	3.0.1
2026-06-27 14:22	KE6VNI	EN72	KD3CCO	FN10cs	14.097036	0.2	-9	0	632	105	WSPR2	3160	2347	3.0.1
2026-06-27 14:22	KE4HSV	EM74	KD3CCO	FN10cs	14.09701	0.2	-15	0	946	40	WSPR2	4730	2703	3.0.1
2026-06-27 14:20	KD3CCO	FN10cs	KV0S	EM38tv	14.097099	10	-12	0	1261	265	WSPR2	126	83	WD_3.3.2-2
2026-06-27 14:20	KD3CCO	FN10cs	KFS	CM87tj	14.097096	10	-4	0	3825	279	WSPR2	383	339	WD_3.3.2-2
2026-06-27 14:20	KD3CCO	FN10cs	K9IMM	EN52cv	14.097079	10	9	0	1021	287	WSPR2	102	128	CWSL_DIGI
2026-06-27 14:20	KD3CCO	FN10cs	VE7LGN	CO90ln	14.097097	10	-22	0	3477	303	WSPR2	348	129	1.4A Kiwi
2026-06-27 14:20	KD3CCO	FN10cs	KG5VWO	EM40oh	14.097109	10	-15	0	1650	229	WSPR2	165	94	web-888
2026-06-27 14:20	KD3CCO	FN10cs	KW7MM	DM42mm	14.097111	10	-6	0	3077	263	WSPR2	308	255	CWSL_DIGI
2026-06-27 14:20	KD3CCO	FN10cs	N0QDS	EN35ga	14.097097	10	-14	0	1358	296	WSPR2	136	82	1.4A Kiwi
2026-06-27 14:20	KD3CCO	FN10cs	W6BOS	CM97bh	14.097096	10	-23	0	3787	279	WSPR2	379	130	web-888
2026-06-27 14:20	KD3CCO	FN10cs	W3MLM	DN70ln	14.097009	10	-1	0	2289	278	WSPR2	229	222	1.3 Kiwi
2026-06-27 14:20	KD3CCO	FN10cs	AC0ZW	DM79ju	14.097096	10	-19	0	2317	277	WSPR2	232	106	web-888
2026-06-27 14:20	KD3CCO	FN10cs	KM4SQK	EM74qb	14.097096	10	-6	0	959	221	WSPR2	96	80	web-888
2026-06-27 14:20	KD3CCO	FN10cs	AI4FU-KIWI	EM86ca	14.097097	10	-10	0	743	227	WSPR2	74	53	1.4A Kiwi
2026-06-27 14:20	KD3CCO	FN10cs	KM4MZA	EM78qe	14.097097	10	7	0	653	246	WSPR2	65	78	1.4A Kiwi
2026-06-27 14:20	KD3CCO	FN10cs	N4TTN	FM05pm	14.097097	10	-5	0	589	188	WSPR2	59	51	1.4A Kiwi
2026-06-27 14:20	KD3CCO	FN10cs	K8NVH-K0	EN82lm	14.097114	10	-5	0	478	296	WSPR2	48	41	1.4A Kiwi
2026-06-27 14:20	KD3CCO	FN10cs	VA3ROM-1	EN58jk	14.097096	10	-8	0	1240	317	WSPR2	124	96	web-888
2026-06-27 14:20	KD3CCO	FN10cs	K5VW	DM72su	14.097096	10	-18	0	2520	258	WSPR2	252	122	web-888
2026-06-27 14:20	KD3CCO	FN10cs	N5MCB	EM13pe	14.097099	10	4	0	1875	249	WSPR2	188	209	web-888
2026-06-27 14:20	KD3CCO	FN10cs	VE2EBM	FN36lb	14.097096	10	3	0	702	31	WSPR2	70	76	web-888
2026-06-27 14:20	KD3CCO	FN10cs	KD5QLM	EM13lb	14.097097	10	-10	0	1908	249	WSPR2	191	136	web-888
2026-06-27 14:20	KD3CCO	FN10cs	KK4NLK	EM84bf	14.097112	10	-9	0	903	218	WSPR2	90	67	v1.2.102
2026-06-27 14:20	KD3CCO	FN10cs	KX4AZ/A	EM83hw	14.097097	10	-2	0	906	215	WSPR2	91	86	WD_3.3.2-1
2026-06-27 14:20	KD3CCO	FN10cs	KFS/SE	CM87tj	14.097096	10	-6	0	3825	279	WSPR2	383	317	WD_3.3.2-2
2026-06-27 14:20	KD3CCO	FN10cs	KP4MD	CM98iq	14.097096	10	-21	0	3689	281	WSPR2	369	148	WD_3.3.2-2
2026-06-27 14:20	KD3CCO	FN10cs	N6GN4	DN70ll	14.097096	10	-5	0	2291	278	WSPR2	229	196	WD_3.3.2-2
2026-06-27 14:20	KD3CCO	FN10cs	KD7EFG	DN31uo	14.097096	10	-7	0	2869	283	WSPR2	287	230	WD_3.3.2-2
2026-06-27 14:20	KD3CCO	FN10cs	KD7EFG-1	DN31uo	14.097097	10	-4	0	2869	283	WSPR2	287	254	WD_3.3.2-2
2026-06-27 14:20	KD3CCO	FN10cs	KPH2	CM88mc	14.097096	10	-5	0	3847	281	WSPR2	385	330	WD_3.3.2-2
2026-06-27 14:20	KD3CCO	FN10cs	EA8BFK	IL38bo	14.097096	10	-2	0	5868	82	WSPR2	587	553	WD_3.3.2-2
2026-06-27 14:20	KD3CCO	FN10cs	W0CWA/K	DN70kk	14.097096	10	-21	0	2298	278	WSPR2	230	92	WD_3.3.2-2
2026-06-27 14:20	KD3CCO	FN10cs	K9DZT	EN52wx	14.097096	10	-7	0	889	289	WSPR2	89	71	WD_3.3.2-2
2026-06-27 14:20	KD3CCO	FN10cs	K8NVH	EN82lm	14.097092	10	-5	0	478	296	WSPR2	48	41	WD_3.2.3
2026-06-27 14:20	KD3CCO	FN10cs	NI5F	EM70fu	14.097111	10	2	0	1304	215	WSPR2	130	137	v1.2.2
2026-06-27 14:20	KD3CCO	FN10cs	N5XXN	DM81ru	14.097093	10	-17	0	2418	254	WSPR2	242	124	
2026-06-27 14:20	KD3CCO	FN10cs	K6VZK	DM13nh	14.097097	10	-2	0	3536	269	WSPR2	354	334	WD_3.3.2-2
2026-06-27 14:20	KD3CCO	FN10cs	K1YZY	FN41xr	14.097076	10	-5	0	656	78	WSPR2	66	57	2.0_r1714
2026-06-27 14:20	KD3CCO	FN10cs	KFS/OMNI	CM87tj	14.097096	10	-4	0	3825	279	WSPR2	383	339	WD_3.3.2-2
2026-06-27 14:20	KD3CCO	FN10cs	KJ6MKI	CM88oi	14.097096	10	-23	0	3825	281	WSPR2	383	131	WD_3.3.2-2
2026-06-27 14:20	KD3CCO	FN10cs	K9TRV-4	EN82bi	14.097096	10	9	0	536	291	WSPR2	54	68	WD_3.3.2-2
2026-06-27 14:20	KD3CCO	FN10cs	K6PZB	CM88nk	14.097097	10	-27	0	3828	281	WSPR2	383	88	WD_3.1.7
2026-06-27 14:20	KD3CCO	FN10cs	K5MO	FM05	14.097097	10	-9	0	598	191	WSPR2	60	45	WD_3.2.3
2026-06-27 14:20	KD3CCO	FN10cs	WA5DJJ	DM62ph	14.097096	10	-16	0	2734	259	WSPR2	273	148	2.6.1
2026-06-27 14:20	KD3CCO	FN10cs	WA2TP	FN30lu	14.097097	10	-9	0	400	87	WSPR2	40	30	WD_3.3.2-2
2026-06-27 14:20	KD3CCO	FN10cs	W1CK-1	DM13ie	14.097096	10	-12	0	3577	269	WSPR2	358	235	WD_3.3.2-2
2026-06-27 14:20	KD3CCO	FN10cs	K9TRV	EN82bi	14.097097	10	9	0	536	291	WSPR2	54	68	WD_3.3.2-2
2026-06-27 14:20	KD3CCO	FN10cs	K9TRV-5	EN82bi	14.097097	10	8	0	536	291	WSPR2	54	66	WD_3.3.2-2
2026-06-27 14:20	KD3CCO	FN10cs	WA7LNW	DM37gd	14.097107	10	-6	0	3089	274	WSPR2	309	256	RP122-16
2026-06-27 14:20	KD3CCO	FN10cs	N6GN5	DN70ll	14.097096	10	-9	0	2291	278	WSPR2	229	170	WD_3.3.2-2
2026-06-27 14:20	KD3CCO	FN10cs	W1EUJ	DM13nh	14.097096	10	-11	0	3536	269	WSPR2	354	243	WD_3.3.2-2
2026-06-27 14:20	KD3CCO	FN10cs	AC0G/ND	EN16ov	14.097096	10	-18	0	1664	300	WSPR2	166	81	WD_3.3.2-2
2026-06-27 14:20	KD3CCO	FN10cs	KX4AZ/T	EN74gc	14.097096	10	4	0	730	303	WSPR2	73	81	WD_3.3.2-2
2026-06-27 14:20	KD3CCO	FN10cs	W1CK	DM13ie	14.097096	10	-11	0	3577	269	WSPR2	358	245	WD_3.3.2-2
2026-06-27 14:20	KD3CCO	FN10cs	W0WWV	DN70mq	14.097096	10	-16	0	2280	279	WSPR2	228	124	WD_3.3.2-2
2026-06-27 14:20	KD3CCO	FN10cs	K9TRV-2	EN82bi	14.097099	10	9	0	536	291	WSPR2	54	68	WD_3.3.2-2
2026-06-27 14:20	KD3CCO	FN10cs	WO2S	FM05pv	14.097097	10	-5	0	548	189	WSPR2	55	47	1.4A Kiwi
2026-06-27 14:20	KD3CCO	FN10cs	KK7IXU	CN88no	14.097096	10	-23	0	3613	299	WSPR2	361	124	WD_3.3.2-2
2026-06-27 14:20	KD3CCO	FN10cs	KQ9RSS	EM59nu	14.097094	10	7	0	945	267	WSPR2	95	114	2.7.0
2026-06-27 14:20	KD3CCO	FN10cs	DL3TU	JN48mm	14.097122	10	-19	0	6546	51	WSPR2	655	299	
2026-06-27 14:20	KD3CCO	FN10cs	K6FOD	DM04wc	14.097102	10	-26	0	3605	271	WSPR2	361	93	WD_3.3.2-2
2026-06-27 14:20	KD3CCO	FN10cs	KD4OKR	FM05on	14.097118	10	13	0	586	189	WSPR2	59	81	1.4A Kiwi
2026-06-27 14:20	KD3CCO	FN10cs	VE3PRO	EN93hk	14.097092	10	-3	0	419	316	WSPR2	42	38	2.5.4
2026-06-27 14:20	KD3CCO	FN10cs	KK6UC	DM12jv	14.097139	10	-26	0	3584	269	WSPR2	358	92	1.4A Kiwi
2026-06-27 14:20	KD3CCO	FN10cs	AE6RQ	CM97bf	14.097097	10	-26	0	3790	279	WSPR2	379	97	1.4A Kiwi
2026-06-27 14:20	KD3CCO	FN10cs	AB1WQ	FN42eq	14.097107	10	-20	0	554	65	WSPR2	55	24	3.0.1
2026-06-27 14:20	KD3CCO	FN10cs	N5CSC	EL09uj	14.097095	10	-10	0	2245	242	WSPR2	225	161	3.0.0
2026-06-27 14:20	KD3CCO	FN10cs	W6MFB	DM13bu	14.097099	10	-8	0	3595	271	WSPR2	360	278	v1.2.117
2026-06-27 14:20	KD3CCO	FN10cs	W7EL	CN85ol	14.097115	10	-26	0	3641	294	WSPR2	364	94	2.6.1
2026-06-27 14:20	KD3CCO	FN10cs	W4MXZ	FM17jo	14.097103	10	-3	0	356	172	WSPR2	36	33	2.7.0
2026-06-27 14:20	KD3CCO	FN10cs	N4JJS	FM05pn	14.097097	10	-24	0	585	188	WSPR2	59	19	1.4A Kiwi
2026-06-27 14:20	KD3CCO	FN10cs	KG6IQH/SDR	CM96bn	14.097071	10	-24	0	3815	278	WSPR2	382	120	2.6.1
2026-06-27 14:20	KD3CCO	FN10cs	KK6PXP	CM87vt	14.097104	10	-23	0	3796	280	WSPR2	380	130	2.6.1
2026-06-27 14:20	KD3CCO	FN10cs	N9AWU	EM69sm	14.097096	10	-4	0	749	262	WSPR2	75	66	web-888
2026-06-27 14:20	KD3CCO	FN10cs	W5KUB1	EM55	14.097108	10	3	0	1145	243	WSPR2	115	125	2.6.1
2026-06-27 14:20	KD3CCO	FN10cs	KE8MYP	EM79ti	14.097095	10	-7	0	582	256	WSPR2	58	46	3.0.1
2026-06-27 14:20	KD3CCO	FN10cs	WA3VFM	DM78nt	14.097097	10	-14	0	2315	273	WSPR2	232	139	2.7.0
2026-06-27 14:20	KD3CCO	FN10cs	KF8EEZ/0	EM79vr	14.097109	10	-3	0	557	260	WSPR2	56	51	2.7.0
2026-06-27 14:20	KD3CCO	FN10cs	DC1SAF	JN48lm	14.097093	10	-7	0	6541	51	WSPR2	654	523	3.0.1
2026-06-27 14:20	KD3CCO	FN10cs	N5MN	EM10dr	14.097111	10	-1	0	2108	244	WSPR2	211	205	2.6.1
2026-06-27 14:20	KD3CCO	FN10cs	NT1D	FN42el	14.097101	10	-22	0	546	68	WSPR2	55	20	3.0.0
2026-06-27 14:20	KD3CCO	FN10cs	VE6JY	DO33or	14.097097	10	-12	0	2967	311	WSPR2	297	195	web-888
2026-06-27 14:20	KD3CCO	FN10cs	AE5AU	EM34rq	14.097099	10	-16	0	1460	247	WSPR2	146	79	SparkSDR
2026-06-27 14:20	KD3CCO	FN10cs	WJ1I	FN41xq	14.097173	10	-27	0	656	79	WSPR2	66	15	2.7.0
2026-06-27 14:20	KD3CCO	FN10cs	AC1BC	FN42lh	14.097065	10	-18	0	587	71	WSPR2	59	29	1.4A Kiwi
2026-06-27 14:20	KD3CCO	FN10cs	WE6K	CM87ss	14.097098	10	-18	0	3818	280	WSPR2	382	186	v1.2.117
2026-06-27 14:20	KD3CCO	FN10cs	AC0G/S	EM38ww	14.097096	10	-23	0	1239	265	WSPR2	124	43	WD_4.0
2026-06-27 14:20	KD3CCO	FN10cs	K4WBT	EM94pu	14.097115	10	-12	0	706	202	WSPR2	71	47	2.7.0
2026-06-27 14:20	KD3CCO	FN10cs	KG6JMO	DM13ie	14.097096	10	-25	0	3577	269	WSPR2	358	102	web-888
2026-06-27 14:20	KD3CCO	FN10cs	K2DAK	DM33vq	14.097101	10	-17	0	3125	267	WSPR2	313	161	2.7.0
2026-06-27 14:20	KD3CCO	FN10cs	VO1CBL	GN37fn	14.097096	10	6	0	2066	60	WSPR2	207	242	3.0.1
2026-06-27 14:20	KD3CCO	FN10cs	KD9LVX	EN70	14.097095	10	-9	0	613	269	WSPR2	61	45	2.8.0
2026-06-27 14:20	KD3CCO	FN10cs	WD4ELG	FM06be	14.097141	10	19	0	541	200	WSPR2	54	83	3.0.2
2026-06-27 14:20	KD3CCO	FN10cs	W4FG	EM78qv	14.097143	10	-1	0	619	253	WSPR2	62	60	rtlsdr-056
2026-06-27 14:20	KD3CCO	FN10cs	WA7SKT	DM41ux	14.097089	10	-27	0	3049	262	WSPR2	305	70	3.0.0
2026-06-27 14:20	KD3CCO	FN10cs	AJ4AV	EM73tw	14.097109	10	-25	1	956	219	WSPR2	96	27	v1.2.117
2026-06-27 14:20	KD3CCO	FN10cs	W0ASW	EN34iw	14.097094	10	-25	0	1343	295	WSPR2	134	38	2.7.0-rc3
2026-06-27 14:20	KD3CCO	FN10cs	W7BJH/R	CN84rt	14.097107	10	-25	0	3633	292	WSPR2	363	104	2.7.0
2026-06-27 14:20	KD3CCO	FN10cs	NG5P	EM34vt	14.097118	10	-25	0	1427	247	WSPR2	143	41	SparkSDR
2026-06-27 14:20	KD3CCO	FN10cs	AG6AO	DM12	14.097082	10	-29	0	3590	268	WSPR2	359	62	2.7.0
2026-06-27 14:20	KD3CCO	FN10cs	KD9JWC	FN34tx	14.098632	10	-8	0	643	42	WSPR2	64	49	2.7.0
2026-06-27 14:20	KD3CCO	FN10cs	WE6Z	CM98mn	14.097109	10	-23	0	3666	281	WSPR2	367	126	SparkSDR
2026-06-27 14:20	KD3CCO	FN10cs	W7GAJ	DM37ea	14.097096	10	-25	0	3107	274	WSPR2	311	89	web-888
2026-06-27 14:20	KD3CCO	FN10cs	K5XL	EM12kp	14.097096	10	18	0	1940	248	WSPR2	194	294	3.0.0
2026-06-27 14:20	KD3CCO	FN10cs	KD0TBA	DN81lb	14.097143	10	-16	0	2114	279	WSPR2	211	115	rtlsdr-054
2026-06-27 14:20	KD3CCO	FN10cs	KD6MXY	DN42	14.097083	10	-18	0	2753	285	WSPR2	275	134	rtlsdr-056
2026-06-27 14:20	KD3CCO	FN10cs	N0CALL2FFC87	EN50mm	14.097091	10	-23	0	942	272	WSPR2	94	32	v1.2.117
2026-06-27 14:20	KD3CCO	FN10cs	KC0KVR	EM48rp	14.097113	10	-26	0	1115	262	WSPR2	112	29	SparkSDR
2026-06-27 14:20	KD3CCO	FN10cs	K5QP	EM13sc	14.097047	10	-13	0	1860	249	WSPR2	186	117	2.6.1
2026-06-27 14:20	KD3CCO	FN10cs	KX1Q	FN42ij	14.097102	10	-27	0	570	69	WSPR2	57	13	2.7.0
2026-06-27 14:20	KD3CCO	FN10cs	N0STP	EN34kw	14.097109	10	-20	0	1330	295	WSPR2	133	57	2.7.0
2026-06-27 14:20	KD3CCO	FN10cs	K5JBT	EL29ds	14.097122	10	-6	0	2028	239	WSPR2	203	168	UberSDR
2026-06-27 14:20	KD3CCO	FN10cs	N7QXB	DN40cq	14.097096	10	-24	0	2847	281	WSPR2	285	90	UberSDR
2026-06-27 14:20	KD3CCO	FN10cs	NY4Q	EM84am	14.097098	10	-8	0	881	220	WSPR2	88	68	UberSDR
2026-06-27 14:20	KD3CCO	FN10cs	VA3ROM	EN58jk	14.097096	10	-7	0	1240	317	WSPR2	124	99	UberSDR
2026-06-27 14:20	KD3CCO	FN10cs	KB8VME	EN61as	14.097105	10	-16	0	856	281	WSPR2	86	47	3.0.1
2026-06-27 14:20	KD3CCO	FN10cs	AK6RI-1	CM87xi	14.097096	10	-19	0	3799	279	WSPR2	380	174	UberSDR
2026-06-27 14:20	KD3CCO	FN10cs	KD2M	EL87sg	14.097096	10	-19	0	1561	197	WSPR2	156	71	UberSDR
2026-06-27 14:20	KD3CCO	FN10cs	KA7OEI-9	DN40ao	14.097088	10	-19	0	2862	281	WSPR2	286	131	WD_3.1.7
2026-06-27 14:18	K0PCG	EN31	KD3CCO	FN10cs	14.097182	0.2	-26	0	1278	88	WSPR2	6390	1643	3.0.1
2026-06-27 14:18	K4CFB	FM04	KD3CCO	FN10cs	14.097179	0.2	-25	0	708	9	WSPR2	3540	1011	3.0.1
2026-06-27 14:18	KX4DQ	EM66	KD3CCO	FN10cs	14.097159	0.2	-31	0	934	56	WSPR2	4670	534	3.0.1
2026-06-27 14:18	2E0DLC	IO93	KD3CCO	FN10cs	14.097151	0.2	-22	0	5681	289	WSPR2	28405	10550	3.0.1
2026-06-27 14:18	W5RIN	EM30	KD3CCO	FN10cs	14.097142	0.02	-15	0	1787	46	WSPR2	89350	51057	3.0.1
2026-06-27 14:18	KK4INZ	EL89sp	KD3CCO	FN10cs	14.097125	0.2	-22	0	1307	18	WSPR2	6535	2427	3.0.1
2026-06-27 14:18	WA3ITR	FN42	KD3CCO	FN10cs	14.097105	2	-23	0	592	254	WSPR2	296	101	3.0.1
2026-06-27 14:18	KE6VNI	EN72	KD3CCO	FN10cs	14.097056	0.2	-6	0	632	105	WSPR2	3160	2618	3.0.1
2026-06-27 14:18	G4HSB	IO94ll	KD3CCO	FN10cs	14.097028	0.2	-14	0	5646	288	WSPR2	28230	16938	3.0.1
2026-06-27 14:18	K5XL	EM12kp	KD3CCO	FN10cs	14.097027	2	-18	0	1940	57	WSPR2	970	471	3.0.1
2026-06-27 14:18	KM4TTS	EM80bn	KD3CCO	FN10cs	14.097004	0.2	-26	0	1260	24	WSPR2	6300	1620	3.0.1
2026-06-27 14:16	KG4LHC	EM85jw	KD3CCO	FN10cs	14.097174	0.2	-32	0	715	40	WSPR2	3575	306	3.0.1
2026-06-27 14:16	KM4TTS	EM80bn	KD3CCO	FN10cs	14.097161	0.2	-25	0	1260	24	WSPR2	6300	1800	3.0.1
2026-06-27 14:16	PI9ESA	JO22ff	KD3CCO	FN10cs	14.097156	0.5	-17	0	6075	293	WSPR2	12150	6249	3.0.1
2026-06-27 14:16	2E0DLC	IO93	KD3CCO	FN10cs	14.097151	0.2	-23	0	5681	289	WSPR2	28405	9739	3.0.1
2026-06-27 14:16	N9VP	FM06bc	KD3CCO	FN10cs	14.097151	0.2	-14	1	550	19	WSPR2	2750	1650	3.0.1
2026-06-27 14:16	N5NBD	EM10ur	KD3CCO	FN10cs	14.09712	1	-19	0	2002	51	WSPR2	2002	915	3.0.1
2026-06-27 14:16	K4RHG	EL96	KD3CCO	FN10cs	14.097105	0.2	-18	0	1617	10	WSPR2	8085	3927	3.0.1
2026-06-27 14:16	AK1WI	FN42	KD3CCO	FN10cs	14.0971	2	-17	0	592	254	WSPR2	296	152	3.0.1
2026-06-27 14:16	K1YZY	FN41xr	KD3CCO	FN10cs	14.097096	5	-17	-1	656	263	WSPR2	131	67	3.0.1
2026-06-27 14:16	N5CSC	EL09uj	KD3CCO	FN10cs	14.097088	5	-13	0	2245	50	WSPR2	449	282	3.0.1
2026-06-27 14:16	K0CFW	EN34oq	KD3CCO	FN10cs	14.097075	0.2	-18	0	1298	104	WSPR2	6490	3152	3.0.1
2026-06-27 14:16	N4DPH	EM64	KD3CCO	FN10cs	14.097063	0.2	-15	0	1073	47	WSPR2	5365	3066	3.0.1
2026-06-27 14:16	WW0WWV	DN70mq	KD3CCO	FN10cs	14.097054	1	-15	0	2280	81	WSPR2	2280	1303	3.0.1
2026-06-27 14:16	KG5YSK	EM26ad	KD3CCO	FN10cs	14.097049	5	-19	0	1660	66	WSPR2	332	152	3.0.1
2026-06-27 14:16	KF4JU	EL87pt	KD3CCO	FN10cs	14.097037	0.2	-17	0	1509	16	WSPR2	7545	3880	3.0.1
2026-06-27 14:16	AA0O	EL86	KD3CCO	FN10cs	14.097029	0.02	-17	2	1661	16	WSPR2	83050	42711	3.0.1
2026-06-27 14:16	KB4ZVM	EM84	KD3CCO	FN10cs	14.097023	0.1	-19	0	838	32	WSPR2	8380	3831	3.0.1
2026-06-27 14:16	KE4HSV	EM74	KD3CCO	FN10cs	14.096993	0.2	-13	0	946	40	WSPR2	4730	2973	3.0.1
2026-06-27 14:14	KD3CCO	FN10cs	KA7OEI-9	DN40ao	14.097087	10	-18	0	2862	281	WSPR2	286	139	WD_3.1.7
2026-06-27 14:14	KD3CCO	FN10cs	KM3T-3	FN42et	14.097063	10	-4	0	559	64	WSPR2	56	50	CWSL_DIGI
2026-06-27 14:14	KD3CCO	FN10cs	N3AGE-0	FN30hw	14.097096	10	-22	0	372	86	WSPR2	37	14	WD_3.3.2-2
2026-06-27 14:14	KD3CCO	FN10cs	DK6UG	JN49cm	14.097096	10	-11	0	6441	50	WSPR2	644	442	WD_3.3.2-2
2026-06-27 14:14	KD3CCO	FN10cs	KV0S	EM38tv	14.097098	10	-12	0	1261	265	WSPR2	126	83	WD_3.3.2-2
2026-06-27 14:14	KD3CCO	FN10cs	KFS	CM87tj	14.097096	10	-4	0	3825	279	WSPR2	383	339	WD_3.3.2-2
2026-06-27 14:14	KD3CCO	FN10cs	DG7SFI-2	JO54ed	14.097091	10	-23	0	6347	44	WSPR2	635	218	
2026-06-27 14:14	KD3CCO	FN10cs	K9IMM	EN52cv	14.097078	10	6	0	1021	287	WSPR2	102	119	CWSL_DIGI
2026-06-27 14:14	KD3CCO	FN10cs	DL0BR/1	JO43jb	14.097098	10	-11	0	6304	46	WSPR2	630	432	web-888
2026-06-27 14:14	KD3CCO	FN10cs	KB7SVP/SDR5	DN07cw	14.097124	10	-23	0	3388	298	WSPR2	339	116	1.4A Kiwi
2026-06-27 14:14	KD3CCO	FN10cs	EA3IOT	JN11ep	14.097096	10	-23	0	6444	60	WSPR2	644	221	web-888
2026-06-27 14:14	KD3CCO	FN10cs	K5VW	DM72su	14.097096	10	-28	0	2520	258	WSPR2	252	50	web-888
2026-06-27 14:14	KD3CCO	FN10cs	CT7AJC	IN50sf	14.097096	10	-15	0	5700	66	WSPR2	570	326	web-888
2026-06-27 14:14	KD3CCO	FN10cs	VE4KRK	EN19gu	14.097097	10	-24	0	1831	310	WSPR2	183	58	1.4A Kiwi
2026-06-27 14:14	KD3CCO	FN10cs	AI4FU-KIWI	EM86ca	14.097097	10	-13	0	743	227	WSPR2	74	47	1.4A Kiwi
2026-06-27 14:14	KD3CCO	FN10cs	N4TTN	FM05pm	14.097097	10	-5	0	589	188	WSPR2	59	51	1.4A Kiwi
2026-06-27 14:14	KD3CCO	FN10cs	N0GQ	DM79pi	14.097097	10	-12	0	2287	275	WSPR2	229	150	1.4A Kiwi
2026-06-27 14:14	KD3CCO	FN10cs	K4DDI	EL95ux	14.097096	10	-14	0	1661	189	WSPR2	166	100	web-888
2026-06-27 14:14	KD3CCO	FN10cs	KD4OKR	FM05on	14.097118	10	11	0	586	189	WSPR2	59	78	1.4A Kiwi
2026-06-27 14:14	KD3CCO	FN10cs	N0QDS	EN35ga	14.097097	10	-15	0	1358	296	WSPR2	136	78	1.4A Kiwi
2026-06-27 14:14	KD3CCO	FN10cs	KM4MZA	EM78qe	14.097097	10	0	0	653	246	WSPR2	65	65	1.4A Kiwi
2026-06-27 14:14	KD3CCO	FN10cs	K8NVH-K0	EN82lm	14.097114	10	-9	0	478	296	WSPR2	48	36	1.4A Kiwi
2026-06-27 14:14	KD3CCO	FN10cs	W6BOS	CM97bh	14.097096	10	-24	0	3787	279	WSPR2	379	119	web-888
2026-06-27 14:14	KD3CCO	FN10cs	VA3ROM-1	EN58jk	14.097096	10	-12	0	1240	317	WSPR2	124	81	web-888
2026-06-27 14:14	KD3CCO	FN10cs	VE2EBM	FN36lb	14.097096	10	-3	0	702	31	WSPR2	70	64	web-888
2026-06-27 14:14	KD3CCO	FN10cs	N5MCB	EM13pe	14.097099	10	1	0	1875	249	WSPR2	188	193	web-888
2026-06-27 14:14	KD3CCO	FN10cs	AC0ZW	DM79ju	14.097096	10	-26	0	2317	277	WSPR2	232	60	web-888
2026-06-27 14:14	KD3CCO	FN10cs	KG5VWO	EM40oh	14.097109	10	5	0	1650	229	WSPR2	165	189	web-888
2026-06-27 14:14	KD3CCO	FN10cs	KD5QLM	EM13lb	14.097096	10	-18	0	1908	249	WSPR2	191	93	web-888
2026-06-27 14:14	KD3CCO	FN10cs	N2YCH	FN31jg	14.097096	10	-14	0	388	80	WSPR2	39	23	WD_3.3.2-2
2026-06-27 14:14	KD3CCO	FN10cs	KW7MM	DM42mm	14.09711	10	-15	0	3077	263	WSPR2	308	176	CWSL_DIGI
2026-06-27 14:14	KD3CCO	FN10cs	KFS/SE	CM87tj	14.097096	10	-5	0	3825	279	WSPR2	383	328	WD_3.3.2-2
2026-06-27 14:14	KD3CCO	FN10cs	WW6D	CM88pk	14.097097	10	-27	0	3815	281	WSPR2	382	87	1.4A Kiwi
2026-06-27 14:14	KD3CCO	FN10cs	OE3GBB/Q	JN87aq	14.097096	10	-11	0	7042	49	WSPR2	704	483	WD_3.3.2-2
2026-06-27 14:14	KD3CCO	FN10cs	GW2HFR	IO83ib	14.097192	10	-11	0	5553	49	WSPR2	555	381	QMTECH
2026-06-27 14:14	KD3CCO	FN10cs	K1YZY	FN41xr	14.097075	10	-10	0	656	78	WSPR2	66	47	2.0_r1714
2026-06-27 14:14	KD3CCO	FN10cs	KD7EFG	DN31uo	14.097096	10	-9	0	2869	283	WSPR2	287	213	WD_3.3.2-2
2026-06-27 14:14	KD3CCO	FN10cs	KX4AZ/A	EM83hw	14.097097	10	-2	0	906	215	WSPR2	91	86	WD_3.3.2-1
2026-06-27 14:14	KD3CCO	FN10cs	N6GN4	DN70ll	14.097096	10	-5	0	2291	278	WSPR2	229	196	WD_3.3.2-2
2026-06-27 14:14	KD3CCO	FN10cs	KPH2	CM88mc	14.097096	10	-2	0	3847	281	WSPR2	385	363	WD_3.3.2-2
2026-06-27 14:14	KD3CCO	FN10cs	EA8BFK	IL38bo	14.097096	10	-3	0	5868	82	WSPR2	587	537	WD_3.3.2-2
2026-06-27 14:14	KD3CCO	FN10cs	KP4MD	CM98iq	14.097096	10	-16	0	3689	281	WSPR2	369	200	WD_3.3.2-2
2026-06-27 14:14	KD3CCO	FN10cs	K6VZK	DM13nh	14.097097	10	-1	0	3536	269	WSPR2	354	344	WD_3.3.2-2
2026-06-27 14:14	KD3CCO	FN10cs	KK4NLK	EM84bf	14.097112	10	-12	0	903	218	WSPR2	90	59	v1.2.102
2026-06-27 14:14	KD3CCO	FN10cs	HB9VQQ	JN47kh	14.0971	10	-17	0	6599	52	WSPR2	660	339	WD_3.3.2-2
2026-06-27 14:14	KD3CCO	FN10cs	W1CK-1	DM13ie	14.097096	10	-11	0	3577	269	WSPR2	358	245	WD_3.3.2-2
2026-06-27 14:14	KD3CCO	FN10cs	K9DZT	EN52wx	14.097096	10	-14	0	889	289	WSPR2	89	53	WD_3.3.2-2
2026-06-27 14:14	KD3CCO	FN10cs	W3MLM	DN70ln	14.097009	10	-6	0	2289	278	WSPR2	229	190	1.3 Kiwi
2026-06-27 14:14	KD3CCO	FN10cs	OE3GBB/P	JN87aq	14.097096	10	-15	0	7042	49	WSPR2	704	402	WD_3.3.2-2
2026-06-27 14:14	KD3CCO	FN10cs	DK4RW/1	JO40oe	14.097097	10	-14	0	6471	49	WSPR2	647	388	
2026-06-27 14:14	KD3CCO	FN10cs	N8GA	EN80ee	14.097096	10	-16	0	498	264	WSPR2	50	27	WD_3.3.2-1
2026-06-27 14:14	KD3CCO	FN10cs	KFS/OMNI	CM87tj	14.097096	10	-4	0	3825	279	WSPR2	383	339	WD_3.3.2-2
2026-06-27 14:14	KD3CCO	FN10cs	K5MO	FM05	14.097096	10	-10	0	598	191	WSPR2	60	43	WD_3.2.3
2026-06-27 14:14	KD3CCO	FN10cs	WA5DJJ	DM62ph	14.097096	10	-16	0	2734	259	WSPR2	273	148	2.6.1
2026-06-27 14:14	KD3CCO	FN10cs	KD7EFG-1	DN31uo	14.097096	10	-7	0	2869	283	WSPR2	287	230	WD_3.3.2-2
2026-06-27 14:14	KD3CCO	FN10cs	NI5F	EM70fu	14.097111	10	-1	0	1304	215	WSPR2	130	126	v1.2.2
2026-06-27 14:14	KD3CCO	FN10cs	W1CK	DM13ie	14.097097	10	-15	0	3577	269	WSPR2	358	205	WD_3.3.2-2
2026-06-27 14:14	KD3CCO	FN10cs	N3AGE-4	FN30hw	14.097096	10	-20	0	372	86	WSPR2	37	16	WD_3.3.2-2
2026-06-27 14:14	KD3CCO	FN10cs	K6FOD	DM04wc	14.097102	10	-23	0	3605	271	WSPR2	361	124	WD_3.3.2-2
2026-06-27 14:14	KD3CCO	FN10cs	K6PZB	CM88nk	14.097097	10	-22	0	3828	281	WSPR2	383	142	WD_3.1.7
2026-06-27 14:14	KD3CCO	FN10cs	KD2OM	FN12gx	14.097096	10	-22	0	247	6	WSPR2	25	9	WD_3.3.2-2
2026-06-27 14:14	KD3CCO	FN10cs	W0CWA/K	DN70kk	14.097096	10	-17	0	2298	278	WSPR2	230	118	WD_3.3.2-2
2026-06-27 14:14	KD3CCO	FN10cs	HB9VQQ/RS	JN47kh	14.0971	10	-17	0	6599	52	WSPR2	660	339	WD_3.3.2-2
2026-06-27 14:14	KD3CCO	FN10cs	W0WWV	DN70mq	14.097096	10	-20	0	2280	279	WSPR2	228	98	WD_3.3.2-2
2026-06-27 14:14	KD3CCO	FN10cs	K9TRV-5	EN82bi	14.097096	10	14	0	536	291	WSPR2	54	76	WD_3.3.2-2
2026-06-27 14:14	KD3CCO	FN10cs	K8NVH	EN82lm	14.097092	10	-8	0	478	296	WSPR2	48	37	WD_3.2.3
2026-06-27 14:14	KD3CCO	FN10cs	N5XXN	DM81ru	14.097093	10	-17	0	2418	254	WSPR2	242	124	
2026-06-27 14:14	KD3CCO	FN10cs	N6GN5	DN70ll	14.097096	10	-9	0	2291	278	WSPR2	229	170	WD_3.3.2-2
2026-06-27 14:14	KD3CCO	FN10cs	KJ6MKI	CM88oi	14.097096	10	-21	0	3825	281	WSPR2	383	153	WD_3.3.2-2
2026-06-27 14:14	KD3CCO	FN10cs	W1EUJ	DM13nh	14.097096	10	-9	0	3536	269	WSPR2	354	263	WD_3.3.2-2
2026-06-27 14:14	KD3CCO	FN10cs	K9TRV-2	EN82bi	14.097099	10	14	0	536	291	WSPR2	54	76	WD_3.3.2-2
2026-06-27 14:14	KD3CCO	FN10cs	K9TRV-4	EN82bi	14.097096	10	14	0	536	291	WSPR2	54	76	WD_3.3.2-2
2026-06-27 14:14	KD3CCO	FN10cs	N9AWU	EM69sm	14.097096	10	-7	0	749	262	WSPR2	75	60	web-888
2026-06-27 14:14	KD3CCO	FN10cs	KK7IXU	CN88no	14.097096	10	-19	0	3613	299	WSPR2	361	165	WD_3.3.2-2
2026-06-27 14:14	KD3CCO	FN10cs	EA1FAQ	IN71pn	14.097164	10	-9	0	5923	63	WSPR2	592	440	v1.2.113
2026-06-27 14:14	KD3CCO	FN10cs	K9TRV	EN82bi	14.097097	10	13	0	536	291	WSPR2	54	74	WD_3.3.2-2
2026-06-27 14:14	KD3CCO	FN10cs	WA2TP	FN30lu	14.097096	10	-1	0	400	87	WSPR2	40	39	WD_3.3.2-2
2026-06-27 14:14	KD3CCO	FN10cs	WO2S	FM05pv	14.097097	10	-9	0	548	189	WSPR2	55	41	1.4A Kiwi
2026-06-27 14:14	KD3CCO	FN10cs	KQ9RSS	EM59nu	14.097093	10	18	0	945	267	WSPR2	95	144	2.7.0
2026-06-27 14:14	KD3CCO	FN10cs	AC0G/ND	EN16ov	14.097096	10	-21	0	1664	300	WSPR2	166	66	WD_3.3.2-2
2026-06-27 14:14	KD3CCO	FN10cs	N3AGE-2	FN30hw	14.097096	10	-19	0	372	86	WSPR2	37	17	WD_3.3.2-2
2026-06-27 14:14	KD3CCO	FN10cs	WA3TTS	EN90xn	14.097092	10	-27	0	191	264	WSPR2	19	4	2.6.1
2026-06-27 14:14	KD3CCO	FN10cs	W0AY	DN26	14.097201	10	-16	0	3035	295	WSPR2	304	165	
2026-06-27 14:14	KD3CCO	FN10cs	KR4NJ	FM05ov	14.097097	10	5	0	549	189	WSPR2	55	63	3.0.0
2026-06-27 14:14	KD3CCO	FN10cs	WA7LNW	DM37gd	14.097107	10	-11	0	3089	274	WSPR2	309	212	RP122-16
2026-06-27 14:14	KD3CCO	FN10cs	DL3TU	JN48mm	14.097122	10	-25	0	6546	51	WSPR2	655	187	
2026-06-27 14:14	KD3CCO	FN10cs	VE3PRO	EN93hk	14.097092	10	-2	0	419	316	WSPR2	42	40	2.5.4
2026-06-27 14:14	KD3CCO	FN10cs	VE4ACE	EN19ku	14.097097	10	-28	0	1810	310	WSPR2	181	36	1.4A Kiwi
2026-06-27 14:14	KD3CCO	FN10cs	KX4AZ/T	EN74gc	14.097097	10	-5	0	730	303	WSPR2	73	63	2.6.1
2026-06-27 14:14	KD3CCO	FN10cs	N5MN	EM10dr	14.097111	10	-10	0	2108	244	WSPR2	211	151	2.6.1
2026-06-27 14:14	KD3CCO	FN10cs	VO1CBL	GN37fn	14.097096	10	6	0	2066	60	WSPR2	207	242	3.0.1
2026-06-27 14:14	KD3CCO	FN10cs	KF8EEZ/0	EM79vr	14.097109	10	-23	0	557	260	WSPR2	56	19	2.7.0
2026-06-27 14:14	KD3CCO	FN10cs	W4MXZ	FM17jo	14.097103	10	-11	0	356	172	WSPR2	36	25	2.7.0
2026-06-27 14:14	KD3CCO	FN10cs	W6MFB	DM13bu	14.097099	10	-14	0	3595	271	WSPR2	360	216	v1.2.117
2026-06-27 14:14	KD3CCO	FN10cs	KI5MQY	EM13qa	14.097158	10	0	0	1878	249	WSPR2	188	188	3.0.1
2026-06-27 14:14	KD3CCO	FN10cs	KR4CSE	EM70de	14.097101	10	3	0	1377	214	WSPR2	138	150	3.0.0
2026-06-27 14:14	KD3CCO	FN10cs	W5KUB1	EM55	14.097108	10	0	0	1145	243	WSPR2	115	115	2.6.1
2026-06-27 14:14	KD3CCO	FN10cs	KF4JU	EL87pt	14.097117	10	-10	0	1509	199	WSPR2	151	108	2.6.1
2026-06-27 14:14	KD3CCO	FN10cs	WA7SKT	DM41ux	14.097089	10	-27	0	3049	262	WSPR2	305	70	3.0.0
2026-06-27 14:14	KD3CCO	FN10cs	DL1GCD/2	JN58oh	14.09716	10	-21	0	6698	50	WSPR2	670	268	
2026-06-27 14:14	KD3CCO	FN10cs	AG6AO	DM12	14.097082	10	-26	0	3590	268	WSPR2	359	92	2.7.0
2026-06-27 14:14	KD3CCO	FN10cs	KG6IQH/SDR	CM96bn	14.097071	10	-25	0	3815	278	WSPR2	382	109	2.6.1
2026-06-27 14:14	KD3CCO	FN10cs	N5CSC	EL09uj	14.097095	10	-12	0	2245	242	WSPR2	225	148	3.0.0
2026-06-27 14:14	KD3CCO	FN10cs	N5UTV/VT	EM26ad	14.097096	10	-25	0	1660	258	WSPR2	166	47	2.0_r1714
2026-06-27 14:14	KD3CCO	FN10cs	AA0O	EL87pq	14.097132	10	-32	0	1523	199	WSPR2	152	13	CWSL_DIGI
2026-06-27 14:14	KD3CCO	FN10cs	WD4ELG	FM06be	14.097141	10	17	0	541	200	WSPR2	54	80	3.0.2
2026-06-27 14:14	KD3CCO	FN10cs	W0TBR	CN85qn	14.097096	10	-25	0	3627	294	WSPR2	363	104	3.0.0
2026-06-27 14:14	KD3CCO	FN10cs	AJ4AV	EM73tw	14.097109	10	-19	0	956	219	WSPR2	96	44	v1.2.117
2026-06-27 14:14	KD3CCO	FN10cs	KD9LVX	EN70	14.097095	10	-3	0	613	269	WSPR2	61	56	2.8.0
2026-06-27 14:14	KD3CCO	FN10cs	AE5AU	EM34rq	14.097098	10	-13	0	1460	247	WSPR2	146	92	SparkSDR
2026-06-27 14:14	KD3CCO	FN10cs	AC1BC	FN42lh	14.097065	10	-21	0	587	71	WSPR2	59	24	1.4A Kiwi
2026-06-27 14:14	KD3CCO	FN10cs	KR4DBJ	EM56ni	14.097096	10	-23	0	1080	247	WSPR2	108	37	3.1.0
2026-06-27 14:14	KD3CCO	FN10cs	WE6Z	CM98mn	14.097109	10	-20	0	3666	281	WSPR2	367	157	SparkSDR
2026-06-27 14:14	KD3CCO	FN10cs	KE8MYP	EM79ti	14.097094	10	-12	0	582	256	WSPR2	58	38	3.0.1
2026-06-27 14:14	KD3CCO	FN10cs	KD9JWC	FN34tx	14.098632	10	-4	0	643	42	WSPR2	64	57	2.7.0
2026-06-27 14:14	KD3CCO	FN10cs	VE6JY	DO33or	14.097097	10	-13	0	2967	311	WSPR2	297	187	web-888
2026-06-27 14:14	KD3CCO	FN10cs	AK6RI-1	CM87xi	14.097096	10	-23	0	3799	279	WSPR2	380	130	UberSDR
2026-06-27 14:14	KD3CCO	FN10cs	KL7L	BP51ip	14.097098	10	-22	0	5167	322	WSPR2	517	192	2.6.1
2026-06-27 14:14	KD3CCO	FN10cs	KK6PXP	CM87vt	14.097104	10	-21	0	3796	280	WSPR2	380	152	2.6.1
2026-06-27 14:14	KD3CCO	FN10cs	KM4SQK	EM74qb	14.097096	10	-4	0	959	221	WSPR2	96	85	web-888
2026-06-27 14:14	KD3CCO	FN10cs	K4FMH	EM52aa	14.097101	10	-22	0	1458	232	WSPR2	146	54	v1.2.49
2026-06-27 14:14	KD3CCO	FN10cs	DC1SAF	JN48lm	14.097092	10	-21	0	6541	51	WSPR2	654	262	3.0.1
2026-06-27 14:14	KD3CCO	FN10cs	K2DAK	DM33vq	14.0971	10	-12	1	3125	267	WSPR2	313	206	2.7.0
2026-06-27 14:14	KD3CCO	FN10cs	K5QP	EM13sc	14.097047	10	-10	0	1860	249	WSPR2	186	133	2.6.1
2026-06-27 14:14	KD3CCO	FN10cs	KC5YOD	EM13ra	14.097089	10	-22	0	1871	249	WSPR2	187	69	v1.2.117
2026-06-27 14:14	KD3CCO	FN10cs	WE6K	CM87ss	14.097098	10	-17	0	3818	280	WSPR2	382	196	v1.2.117
2026-06-27 14:14	KD3CCO	FN10cs	K5XL	EM12kp	14.097096	10	14	0	1940	248	WSPR2	194	272	3.0.0
2026-06-27 14:14	KD3CCO	FN10cs	N0CALL2FFC87	EN50mm	14.097091	10	-25	0	942	272	WSPR2	94	27	v1.2.117
2026-06-27 14:14	KD3CCO	FN10cs	NG5P	EM34vt	14.097117	10	-20	0	1427	247	WSPR2	143	61	SparkSDR
2026-06-27 14:14	KD3CCO	FN10cs	W0ASW	EN34iw	14.097093	10	-29	0	1343	295	WSPR2	134	23	2.7.0-rc3
2026-06-27 14:14	KD3CCO	FN10cs	KC0KVR	EM48rp	14.097113	10	-25	0	1115	262	WSPR2	112	32	SparkSDR
2026-06-27 14:14	KD3CCO	FN10cs	W4FG	EM78qv	14.097143	10	-1	0	619	253	WSPR2	62	60	rtlsdr-056
2026-06-27 14:14	KD3CCO	FN10cs	AB1WQ	FN42eq	14.097107	10	-27	0	554	65	WSPR2	55	13	3.0.1
2026-06-27 14:14	KD3CCO	FN10cs	NY4Q	EM84am	14.097097	10	-6	0	881	220	WSPR2	88	73	UberSDR
2026-06-27 14:14	KD3CCO	FN10cs	N0STP	EN34kw	14.097109	10	-19	0	1330	295	WSPR2	133	61	2.7.0
2026-06-27 14:14	KD3CCO	FN10cs	NT1D	FN42el	14.0971	10	-23	0	546	68	WSPR2	55	19	3.0.0
2026-06-27 14:14	KD3CCO	FN10cs	VA3ROM	EN58jk	14.097096	10	-11	0	1240	317	WSPR2	124	85	UberSDR
2026-06-27 14:14	KD3CCO	FN10cs	K5JBT	EL29ds	14.097122	10	-10	0	2028	239	WSPR2	203	145	UberSDR
2026-06-27 14:14	KD3CCO	FN10cs	N7QXB	DN40cq	14.097096	10	-24	0	2847	281	WSPR2	285	90	UberSDR
2026-06-27 14:14	KD3CCO	FN10cs	N0KAM	DN84ha	14.097113	10	-22	0	2123	288	WSPR2	212	79	2.7.0
2026-06-27 14:14	KD3CCO	FN10cs	KD2M	EL87sg	14.097096	10	-10	0	1561	197	WSPR2	156	111	UberSDR
2026-06-27 14:12	KF7YWH	DN33vi	KD3CCO	FN10cs	14.097195	10	-11	0	2835	84	WSPR2	284	195	3.0.1
2026-06-27 14:12	G4HSB	IO94ll	KD3CCO	FN10cs	14.097178	0.2	-11	0	5646	288	WSPR2	28230	19358	3.0.1
2026-06-27 14:12	PA7D	JO23vf	KD3CCO	FN10cs	14.097159	0.2	-22	0	6114	293	WSPR2	30570	11355	3.0.1
2026-06-27 14:12	WX9Z	EM78ch	KD3CCO	FN10cs	14.097154	0.2	-13	0	738	66	WSPR2	3690	2319	3.0.1
2026-06-27 14:12	KB4MG	EM74sa	KD3CCO	FN10cs	14.097129	0.001	-19	0	953	36	WSPR2	953000	435657	3.0.1
2026-06-27 14:12	KM4TTS	EM80bn	KD3CCO	FN10cs	14.097111	0.2	-21	0	1260	24	WSPR2	6300	2520	3.0.1
2026-06-27 14:12	KG4LHC	EM85jw	KD3CCO	FN10cs	14.097111	0.2	-17	0	715	40	WSPR2	3575	1839	3.0.1
2026-06-27 14:12	AC9YY	EN51	KD3CCO	FN10cs	14.097105	0.5	-15	0	945	91	WSPR2	1890	1080	3.0.1
2026-06-27 14:12	M0JYE	JO02pp	KD3CCO	FN10cs	14.097102	5	-13	0	5859	291	WSPR2	1172	737	3.0.1
2026-06-27 14:12	AK1WI	FN42	KD3CCO	FN10cs	14.0971	2	-14	0	592	254	WSPR2	296	178	3.0.1
2026-06-27 14:12	EB1A	IN53tf	KD3CCO	FN10cs	14.097089	0.5	-12	-1	5572	292	WSPR2	11144	7323	3.0.1
2026-06-27 14:12	W9RAG	EN54	KD3CCO	FN10cs	14.097087	0.2	-12	0	1007	110	WSPR2	5035	3309	3.0.1
2026-06-27 14:12	N5CEC	EM69	KD3CCO	FN10cs	14.097076	0.2	-13	0	799	77	WSPR2	3995	2511	3.0.1
2026-06-27 14:12	N9VP	FM06bc	KD3CCO	FN10cs	14.097074	0.2	-18	0	550	19	WSPR2	2750	1336	3.0.1
2026-06-27 14:12	KE4HSV	EM74	KD3CCO	FN10cs	14.097064	0.2	-10	0	946	40	WSPR2	4730	3379	3.0.1
2026-06-27 14:12	WB4HIR	EM96	KD3CCO	FN10cs	14.097062	0.2	-15	-1	554	30	WSPR2	2770	1583	3.0.1
2026-06-27 14:12	K5ZAK	EL09	KD3CCO	FN10cs	14.097058	1	-16	0	2295	51	WSPR2	2295	1246	3.0.1
2026-06-27 14:12	WW0WWV	DN70mq	KD3CCO	FN10cs	14.097054	1	-9	0	2280	81	WSPR2	2280	1694	3.0.1
2026-06-27 14:12	KG7RDR	DN31ws	KD3CCO	FN10cs	14.09705	1	-11	0	2852	81	WSPR2	2852	1956	3.0.1
2026-06-27 14:12	NF6S	CM97	KD3CCO	FN10cs	14.097045	0.2	-20	0	3711	71	WSPR2	18555	7952	3.0.1
2026-06-27 14:12	K5NAV	DM55	KD3CCO	FN10cs	14.097035	0.2	-14	0	2781	68	WSPR2	13905	8343	3.0.1
2026-06-27 14:12	K8RAY	EN72	KD3CCO	FN10cs	14.097027	0.01	-4	0	632	105	WSPR2	63200	55977	3.0.1
2026-06-27 14:12	AA0RX	DN70mq	KD3CCO	FN10cs	14.097019	0.2	-14	0	2280	81	WSPR2	11400	6840	3.0.1
2026-06-27 14:12	W9HIF	EM83gw	KD3CCO	FN10cs	14.09701	0.2	-22	1	910	32	WSPR2	4550	1690	3.0.1
2026-06-27 14:12	K0CFW	EN34oq	KD3CCO	FN10cs	14.097009	0.2	-20	0	1298	104	WSPR2	6490	2781	3.0.1
2026-06-27 14:12	AL4U	FM05	KD3CCO	FN10cs	14.096997	0.2	-10	0	598	10	WSPR2	2990	2136	3.0.1
2026-06-27 14:10	KD3CCO	FN10cs	KX4AZ/A	EM83hw	14.097098	10	-3	0	906	215	WSPR2	91	83	WD_3.3.2-1
2026-06-27 14:10	KD3CCO	FN10cs	N7LEM	DM78pw	14.097103	10	-19	0	2298	274	WSPR2	230	105	2.7.0
2026-06-27 14:10	KD3CCO	FN10cs	AC9RZ	EN52	14.097116	10	-17	0	953	285	WSPR2	95	49	2.6.0
2026-06-27 14:10	KD3CCO	FN10cs	KD0TBA	DN81lb	14.097143	10	-17	0	2114	279	WSPR2	211	109	rtlsdr-054
2026-06-27 14:10	KD3CCO	FN10cs	KP4MD	CM98iq	14.097096	10	-20	0	3689	281	WSPR2	369	158	WD_3.3.2-2
2026-06-27 14:10	KD3CCO	FN10cs	K9DZT	EN52wx	14.097096	10	0	0	889	289	WSPR2	89	89	WD_3.3.2-2
2026-06-27 14:10	KD3CCO	FN10cs	NI5F	EM70fu	14.097111	10	-5	0	1304	215	WSPR2	130	111	v1.2.2
2026-06-27 14:10	KD3CCO	FN10cs	N6GN4	DN70ll	14.097096	10	-3	0	2291	278	WSPR2	229	209	WD_3.3.2-2
2026-06-27 14:10	KD3CCO	FN10cs	KD7EFG	DN31uo	14.097096	10	-10	0	2869	283	WSPR2	287	205	WD_3.3.2-2
2026-06-27 14:10	KD3CCO	FN10cs	N3AGE-4	FN30hw	14.097097	10	-5	0	372	86	WSPR2	37	32	WD_3.3.2-2
2026-06-27 14:10	KD3CCO	FN10cs	KFS/SE	CM87tj	14.097096	10	-8	0	3825	279	WSPR2	383	295	WD_3.3.2-2
2026-06-27 14:10	KD3CCO	FN10cs	K5MO	FM05	14.097096	10	-10	0	598	191	WSPR2	60	43	WD_3.2.3
2026-06-27 14:10	KD3CCO	FN10cs	KFS/OMNI	CM87tj	14.097096	10	-7	0	3825	279	WSPR2	383	306	WD_3.3.2-2
2026-06-27 14:10	KD3CCO	FN10cs	KJ6MKI	CM88oi	14.097096	10	-22	0	3825	281	WSPR2	383	142	WD_3.3.2-2
2026-06-27 14:10	KD3CCO	FN10cs	KD7EFG-1	DN31uo	14.097096	10	-6	0	2869	283	WSPR2	287	238	WD_3.3.2-2
2026-06-27 14:10	KD3CCO	FN10cs	W1CK	DM13ie	14.097096	10	-20	0	3577	269	WSPR2	358	153	WD_3.3.2-2
2026-06-27 14:10	KD3CCO	FN10cs	WA2TP	FN30lu	14.097096	10	8	0	400	87	WSPR2	40	49	WD_3.3.2-2
2026-06-27 14:10	KD3CCO	FN10cs	K8NVH	EN82lm	14.097092	10	-4	0	478	296	WSPR2	48	43	WD_3.2.3
2026-06-27 14:10	KD3CCO	FN10cs	N6GN5	DN70ll	14.097096	10	-10	0	2291	278	WSPR2	229	164	WD_3.3.2-2
2026-06-27 14:10	KD3CCO	FN10cs	N3AGE-2	FN30hw	14.097096	10	-12	0	372	86	WSPR2	37	24	WD_3.3.2-2
2026-06-27 14:10	KD3CCO	FN10cs	W0CWA/K	DN70kk	14.097097	10	-14	0	2298	278	WSPR2	230	138	WD_3.3.2-2
2026-06-27 14:10	KD3CCO	FN10cs	K6PZB	CM88nk	14.097096	10	-24	0	3828	281	WSPR2	383	120	WD_3.1.7
2026-06-27 14:10	KD3CCO	FN10cs	K9TRV-5	EN82bi	14.097096	10	11	0	536	291	WSPR2	54	71	WD_3.3.2-2
2026-06-27 14:10	KD3CCO	FN10cs	KC2G	FN21wa	14.097096	10	-16	0	309	84	WSPR2	31	17	WD_3.3.2-2
2026-06-27 14:10	KD3CCO	FN10cs	K9TRV	EN82bi	14.097097	10	11	0	536	291	WSPR2	54	71	WD_3.3.2-2
2026-06-27 14:10	KD3CCO	FN10cs	K9TRV-2	EN82bi	14.097098	10	12	0	536	291	WSPR2	54	73	WD_3.3.2-2
2026-06-27 14:10	KD3CCO	FN10cs	NO9G	EN51vv	14.097111	10	-13	0	878	282	WSPR2	88	55	v1.2.117
2026-06-27 14:10	KD3CCO	FN10cs	K9TRV-4	EN82bi	14.097096	10	13	0	536	291	WSPR2	54	74	WD_3.3.2-2
2026-06-27 14:10	KD3CCO	FN10cs	WA7LNW	DM37gd	14.097107	10	-8	0	3089	274	WSPR2	309	238	RP122-16
2026-06-27 14:10	KD3CCO	FN10cs	N5MN	EM10dr	14.09711	10	1	0	2108	244	WSPR2	211	217	2.6.1
2026-06-27 14:10	KD3CCO	FN10cs	N9AWU	EM69sm	14.097096	10	1	0	749	262	WSPR2	75	77	web-888
2026-06-27 14:10	KD3CCO	FN10cs	N8HKU	EN82ee	14.097091	10	-7	0	511	290	WSPR2	51	41	2.7.0
2026-06-27 14:10	KD3CCO	FN10cs	W0WWV	DN70mq	14.097096	10	-17	0	2280	279	WSPR2	228	117	WD_3.3.2-2
2026-06-27 14:10	KD3CCO	FN10cs	KQ9RSS	EM59nu	14.097093	10	12	0	945	267	WSPR2	95	128	2.7.0
2026-06-27 14:10	KD3CCO	FN10cs	AC0G/ND	EN16ov	14.097096	10	-15	0	1664	300	WSPR2	166	95	WD_3.3.2-2
2026-06-27 14:10	KD3CCO	FN10cs	W5KUB1	EM55	14.097108	10	2	0	1145	243	WSPR2	115	122	2.6.1
2026-06-27 14:10	KD3CCO	FN10cs	W0AY	DN26	14.097201	10	-20	0	3035	295	WSPR2	304	130	
2026-06-27 14:10	KD3CCO	FN10cs	K7AMR	DM43fj	14.097102	10	-18	0	3083	266	WSPR2	308	150	2.6.1
2026-06-27 14:10	KD3CCO	FN10cs	KK1D	FN31vi	14.097096	10	-7	0	472	80	WSPR2	47	38	3.0.1
2026-06-27 14:10	KD3CCO	FN10cs	W6EXT	CM87wi	14.0971	10	-13	-1	3806	279	WSPR2	381	239	3.0.1
2026-06-27 14:10	KD3CCO	FN10cs	VE3PRO	EN93hk	14.097092	10	-2	0	419	316	WSPR2	42	40	2.5.4
2026-06-27 14:10	KD3CCO	FN10cs	K5XL	EM12kp	14.097096	10	16	0	1940	248	WSPR2	194	283	3.0.0
2026-06-27 14:10	KD3CCO	FN10cs	N0CALL2FFC87	EN50mm	14.097091	10	-25	0	942	272	WSPR2	94	27	v1.2.117
2026-06-27 14:10	KD3CCO	FN10cs	KQ4PLL	EM63um	14.097116	10	-18	0	1102	226	WSPR2	110	53	3.1.0
2026-06-27 14:10	KD3CCO	FN10cs	KK6PXP	CM87vt	14.097104	10	-22	0	3796	280	WSPR2	380	141	2.6.1
2026-06-27 14:10	KD3CCO	FN10cs	AE0GQ	DM79op	14.097102	10	-27	0	2287	276	WSPR2	229	52	2.7.0
2026-06-27 14:10	KD3CCO	FN10cs	KJ5MTR	EM10em	14.097097	10	-19	0	2116	244	WSPR2	212	97	3.0.0
2026-06-27 14:10	KD3CCO	FN10cs	KG6IQH/SDR	CM96bn	14.097071	10	-24	0	3815	278	WSPR2	382	120	2.6.1
2026-06-27 14:10	KD3CCO	FN10cs	WI0K	DM79ps	14.097127	10	-14	0	2277	276	WSPR2	228	137	2.7.0
2026-06-27 14:10	KD3CCO	FN10cs	N0KSU	EM19rf	14.097104	10	-11	0	1603	270	WSPR2	160	110	3.0.1
2026-06-27 14:10	KD3CCO	FN10cs	WJ1I	FN41xq	14.097113	10	-27	0	656	79	WSPR2	66	15	2.7.0
2026-06-27 14:10	KD3CCO	FN10cs	KR4CSE	EM70de	14.0971	10	-5	0	1377	214	WSPR2	138	118	3.0.0
2026-06-27 14:10	KD3CCO	FN10cs	K1SQ	EM74wb	14.097111	10	-18	0	932	219	WSPR2	93	45	2.6.1
2026-06-27 14:10	KD3CCO	FN10cs	K2DAK	DM33vq	14.097101	10	-23	0	3125	267	WSPR2	313	107	2.7.0
2026-06-27 14:10	KD3CCO	FN10cs	KA4PKB/0	EN41kf	14.097104	10	-18	0	1119	277	WSPR2	112	54	2.7.0
2026-06-27 14:10	KD3CCO	FN10cs	KE8MYP	EM79ti	14.097094	10	-5	0	582	256	WSPR2	58	50	3.0.1
2026-06-27 14:10	KD3CCO	FN10cs	WD4ELG	FM06be	14.097141	10	7	0	541	200	WSPR2	54	65	3.0.2
2026-06-27 14:10	KD3CCO	FN10cs	AA0O	EL87pq	14.097132	10	-27	0	1523	199	WSPR2	152	35	CWSL_DIGI
2026-06-27 14:10	KD3CCO	FN10cs	123NOBODY	FK18oa	14.097061	10	-19	0	2531	178	WSPR2	253	116	3.1.0
2026-06-27 14:10	KD3CCO	FN10cs	KG5ABO	EM12hp	14.097114	10	-2	0	1959	249	WSPR2	196	185	3.1.0
2026-06-27 14:10	KD3CCO	FN10cs	VO1CBL	GN37fn	14.097096	10	4	0	2066	60	WSPR2	207	231	3.0.1
2026-06-27 14:10	KD3CCO	FN10cs	N5CSC	EL09uj	14.097095	10	-2	0	2245	242	WSPR2	225	212	3.0.0
2026-06-27 14:10	KD3CCO	FN10cs	KQ4DTX	EM78rc	14.097094	10	6	0	651	245	WSPR2	65	76	3.0.0
2026-06-27 14:10	KD3CCO	FN10cs	K3FZ	FN30kx	14.097152	10	-19	0	393	85	WSPR2	39	18	2.7.0
2026-06-27 14:10	KD3CCO	FN10cs	WA1RAJ	FN42dt	14.097124	10	-14	-1	553	64	WSPR2	55	33	2.1.0
2026-06-27 14:10	KD3CCO	FN10cs	AJ4AV	EM73tw	14.097109	10	-21	0	956	219	WSPR2	96	38	v1.2.117
2026-06-27 14:10	KD3CCO	FN10cs	N8MH	FM05pk	14.097101	10	1	0	598	188	WSPR2	60	62	3.1.0
2026-06-27 14:10	KD3CCO	FN10cs	NG5P	EM34vt	14.097117	10	-10	0	1427	247	WSPR2	143	102	SparkSDR
2026-06-27 14:10	KD3CCO	FN10cs	N7VVX	DN40bw	14.097096	10	-24	0	2848	282	WSPR2	285	90	UberSDR
2026-06-27 14:10	KD3CCO	FN10cs	KD2M	EL87sg	14.097096	10	-11	0	1561	197	WSPR2	156	107	UberSDR
2026-06-27 14:10	KD3CCO	FN10cs	WA3VFM	DM78nt	14.097097	10	-18	0	2315	273	WSPR2	232	113	2.7.0
2026-06-27 14:10	KD3CCO	FN10cs	NY4Q	EM84am	14.097097	10	-8	0	881	220	WSPR2	88	68	UberSDR
2026-06-27 14:10	KD3CCO	FN10cs	VA3ROM	EN58jk	14.097096	10	-5	0	1240	317	WSPR2	124	106	UberSDR
2026-06-27 14:10	KD3CCO	FN10cs	N0KAM	DN84ha	14.097113	10	-25	0	2123	288	WSPR2	212	61	2.7.0
2026-06-27 14:10	KD3CCO	FN10cs	W0ASW	EN34iw	14.097093	10	-26	0	1343	295	WSPR2	134	34	2.7.0-rc3
2026-06-27 14:10	KD3CCO	FN10cs	KC0KVR	EM48rp	14.097112	10	-12	0	1115	262	WSPR2	112	74	3.0.0
2026-06-27 14:10	KD3CCO	FN10cs	KD9LVX	EN70	14.097094	10	-5	0	613	269	WSPR2	61	52	2.8.0
2026-06-27 14:10	KD3CCO	FN10cs	AK6RI-1	CM87xi	14.097096	10	-21	0	3799	279	WSPR2	380	152	UberSDR
2026-06-27 14:10	KD3CCO	FN10cs	WA5SON	EM20cb	14.097151	10	-26	0	2013	239	WSPR2	201	52	2.7.0
2026-06-27 14:10	KD3CCO	FN10cs	K5JBT	EL29ds	14.097121	10	-2	0	2028	239	WSPR2	203	191	UberSDR
2026-06-27 14:10	KD3CCO	FN10cs	W4FG	EM78qv	14.097143	10	-2	0	619	253	WSPR2	62	58	rtlsdr-056
2026-06-27 14:10	KD3CCO	FN10cs	W1CLM	EN50uc	14.097106	10	-14	0	891	269	WSPR2	89	53	3.0.2
2026-06-27 14:10	KD3CCO	FN10cs	KK4NLK	EM84bf	14.097111	10	-10	0	903	218	WSPR2	90	64	v1.2.102
2026-06-27 14:10	KD3CCO	FN10cs	VE6JY	DO33or	14.097105	10	-16	0	2967	311	WSPR2	297	161	3.0.0
2026-06-27 14:10	KD3CCO	FN10cs	KPH2	CM88mc	14.097096	10	-4	0	3847	281	WSPR2	385	341	WD_3.3.2-2
2026-06-27 14:10	KD3CCO	FN10cs	K1YZY	FN41xr	14.097075	10	-7	0	656	78	WSPR2	66	53	2.0_r1714
2026-06-27 14:10	KD3CCO	FN10cs	KD9JWC	FN34tx	14.098631	10	-9	0	643	42	WSPR2	64	48	2.7.0
2026-06-27 14:10	KD3CCO	FN10cs	N2KPQ	EM94qw	14.097097	10	4	0	695	202	WSPR2	70	78	2.7.0
2026-06-27 14:10	KD3CCO	FN10cs	KE8OIR	EM79sm	14.097095	10	-4	0	583	258	WSPR2	58	51	3.0.1
2026-06-27 14:10	KD3CCO	FN10cs	56IGJF	FN42ed	14.09702	10	-11	-3	536	71	WSPR2	54	37	3.0.2
2026-06-27 14:10	KD3CCO	FN10cs	VE5CRL	DO62rc	14.09713	10	-20	0	2514	310	WSPR2	251	108	3.0.0
2026-06-27 14:10	KD3CCO	FN10cs	KF8EEZ/0	EM79vr	14.097108	10	-24	0	557	260	WSPR2	56	18	2.7.0
2026-06-27 14:10	KD3CCO	FN10cs	KD5QLM	EM13lb	14.097096	10	-7	0	1908	249	WSPR2	191	153	web-888
2026-06-27 14:10	KD3CCO	FN10cs	KR4DBJ	EM56ni	14.097096	10	-11	0	1080	247	WSPR2	108	74	3.1.0
2026-06-27 14:10	KD3CCO	FN10cs	N7QME	CN94	14.097095	10	-23	0	3521	291	WSPR2	352	121	3.1.0
2026-06-27 14:10	KD3CCO	FN10cs	KB8VME	EN61as	14.097105	10	-11	0	856	281	WSPR2	86	59	3.0.1
2026-06-27 14:10	KD3CCO	FN10cs	KW4TN	EM75vu	14.097115	10	-26	0	782	228	WSPR2	78	20	3.0.0
2026-06-27 14:10	KD3CCO	FN10cs	AE5AU	EM34rq	14.097098	10	-12	0	1460	247	WSPR2	146	96	SparkSDR
2026-06-27 14:10	KD3CCO	FN10cs	KX4AZ/T	EN74gc	14.097096	10	-2	0	730	303	WSPR2	73	69	2.6.1
2026-06-27 14:10	KD3CCO	FN10cs	KA7OEI-9	DN40ao	14.097087	10	-20	0	2862	281	WSPR2	286	123	WD_3.1.7
2026-06-27 14:10	KD3CCO	FN10cs	N3AGE-0	FN30hw	14.097096	10	-17	0	372	86	WSPR2	37	19	WD_3.3.2-2
2026-06-27 14:10	KD3CCO	FN10cs	KFS	CM87tj	14.097096	10	-7	0	3825	279	WSPR2	383	306	WD_3.3.2-2
2026-06-27 14:10	KD3CCO	FN10cs	K9IMM	EN52cv	14.097078	10	1	-1	1021	287	WSPR2	102	105	CWSL_DIGI
2026-06-27 14:10	KD3CCO	FN10cs	K4DDI	EL95ux	14.097096	10	-13	0	1661	189	WSPR2	166	104	web-888
2026-06-27 14:10	KD3CCO	FN10cs	N0QDS	EN35ga	14.097097	10	-13	0	1358	296	WSPR2	136	85	1.4A Kiwi
2026-06-27 14:10	KD3CCO	FN10cs	KM4SQK	EM74qb	14.097096	10	-4	0	959	221	WSPR2	96	85	web-888
2026-06-27 14:10	KD3CCO	FN10cs	AC1BC	FN42lh	14.097065	10	-21	0	587	71	WSPR2	59	24	1.4A Kiwi
2026-06-27 14:10	KD3CCO	FN10cs	KD4OKR	FM05on	14.097118	10	12	0	586	189	WSPR2	59	79	1.4A Kiwi
2026-06-27 14:10	KD3CCO	FN10cs	WO2S	FM05pv	14.097097	10	-9	0	548	189	WSPR2	55	41	1.4A Kiwi
2026-06-27 14:10	KD3CCO	FN10cs	W4ZW	EM96eg	14.097097	10	0	0	601	215	WSPR2	60	60	1.4A Kiwi
2026-06-27 14:10	KD3CCO	FN10cs	N4TTN	FM05pm	14.097097	10	-6	0	589	188	WSPR2	59	49	1.4A Kiwi
2026-06-27 14:10	KD3CCO	FN10cs	N8BTR	EN55we	14.097097	10	9	0	972	304	WSPR2	97	122	1.4A Kiwi
2026-06-27 14:10	KD3CCO	FN10cs	AI4FU-KIWI	EM86ca	14.097097	10	-10	0	743	227	WSPR2	74	53	1.4A Kiwi
2026-06-27 14:10	KD3CCO	FN10cs	K8NVH-K0	EN82lm	14.097114	10	-4	0	478	296	WSPR2	48	43	1.4A Kiwi
2026-06-27 14:10	KD3CCO	FN10cs	KU4BY	FM16vf	14.097097	10	-9	0	523	164	WSPR2	52	39	1.4A Kiwi
2026-06-27 14:10	KD3CCO	FN10cs	W3MLM	DN70ln	14.097009	10	-4	0	2289	278	WSPR2	229	203	1.3 Kiwi
2026-06-27 14:10	KD3CCO	FN10cs	KM4MZA	EM78qe	14.097097	10	1	0	653	246	WSPR2	65	67	1.4A Kiwi
2026-06-27 14:10	KD3CCO	FN10cs	KU4BY	FM16vf	14.097097	10	-10	0	523	164	WSPR2	52	37	1.4A Kiwi
2026-06-27 14:10	KD3CCO	FN10cs	VE2EBM	FN36lb	14.097096	10	1	0	702	31	WSPR2	70	72	web-888
2026-06-27 14:10	KD3CCO	FN10cs	KG5VWO	EM40oh	14.097109	10	7	0	1650	229	WSPR2	165	198	web-888
2026-06-27 14:10	KD3CCO	FN10cs	N5MCB	EM13pe	14.097098	10	-17	0	1875	249	WSPR2	188	97	web-888
2026-06-27 14:10	KD3CCO	FN10cs	N2YCH	FN31jg	14.097096	10	-12	0	388	80	WSPR2	39	26	WD_3.3.2-2
2026-06-27 14:10	KD3CCO	FN10cs	WA5DJJ	DM62ph	14.097096	10	-19	0	2734	259	WSPR2	273	125	2.6.1
2026-06-27 14:08	KB0VYG	EN11vi	KD3CCO	FN10cs	14.097204	0.2	-25	0	1543	86	WSPR2	7715	2204	3.0.1
2026-06-27 14:08	N0AD	DM79po	KD3CCO	FN10cs	14.097192	0.2	-17	0	2281	78	WSPR2	11405	5865	3.0.1
2026-06-27 14:08	N3CHX	FM06aa	KD3CCO	FN10cs	14.097191	0.2	-14	0	561	19	WSPR2	2805	1683	3.0.1
2026-06-27 14:08	KM4TTS	EM80bn	KD3CCO	FN10cs	14.097164	0.2	-22	0	1260	24	WSPR2	6300	2340	3.0.1
2026-06-27 14:08	KW4TN	EM75vu	KD3CCO	FN10cs	14.097159	5	-8	0	782	44	WSPR2	156	120	3.0.1
2026-06-27 14:08	2E0DLC	IO93	KD3CCO	FN10cs	14.097151	0.2	-20	0	5681	289	WSPR2	28405	12174	3.0.1
2026-06-27 14:08	VE1DC	FN85	KD3CCO	FN10cs	14.097143	0.2	-17	0	1304	252	WSPR2	6520	3353	3.0.1
2026-06-27 14:08	W5RIN	EM30	KD3CCO	FN10cs	14.097143	0.02	-11	0	1787	46	WSPR2	89350	61269	3.0.1
2026-06-27 14:08	K0CFW	EN34oq	KD3CCO	FN10cs	14.097131	0.2	-13	0	1298	104	WSPR2	6490	4079	3.0.1
2026-06-27 14:08	KG4LHC	EM85jw	KD3CCO	FN10cs	14.097115	0.2	-19	0	715	40	WSPR2	3575	1634	3.0.1
2026-06-27 14:08	WB9UOM	EM79	KD3CCO	FN10cs	14.097103	0.2	-13	0	633	75	WSPR2	3165	1989	3.0.1
2026-06-27 14:08	AK1WI	FN42	KD3CCO	FN10cs	14.0971	2	-16	0	592	254	WSPR2	296	161	3.0.1
2026-06-27 14:08	KX4DQ	EM66	KD3CCO	FN10cs	14.097062	0.2	-8	0	934	56	WSPR2	4670	3603	3.0.1
2026-06-27 14:08	WW0WWV	DN70mq	KD3CCO	FN10cs	14.097054	1	-10	0	2280	81	WSPR2	2280	1629	3.0.1
2026-06-27 14:08	K5XL	EM12kp	KD3CCO	FN10cs	14.097054	2	8	0	1940	57	WSPR2	970	1192	3.0.1
2026-06-27 14:08	AE9J	EM69rs	KD3CCO	FN10cs	14.09703	0.2	-13	0	750	79	WSPR2	3750	2357	3.0.1
2026-06-27 14:08	KF0SCE	EN42	KD3CCO	FN10cs	14.097019	0.2	-20	0	1116	95	WSPR2	5580	2391	3.0.1
2026-06-27 14:06	AA0O	EL86	KD3CCO	FN10cs	14.09703	0.02	-6	0	1661	16	WSPR2	83050	68813	3.0.1
2026-06-27 14:06	G4HSB	IO94ll	KD3CCO	FN10cs	14.097194	0.2	-9	0	5646	288	WSPR2	28230	20971	3.0.1
2026-06-27 14:06	N8SAN	EN82	KD3CCO	FN10cs	14.097187	0.2	-12	0	476	112	WSPR2	2380	1564	3.0.1
2026-06-27 14:06	XE3EA	EL51ea	KD3CCO	FN10cs	14.097161	0.2	-8	1	2464	24	WSPR2	12320	9504	3.0.1
2026-06-27 14:06	N0NKL	EN47	KD3CCO	FN10cs	14.09716	0.2	-12	0	1291	120	WSPR2	6455	4242	3.0.1
2026-06-27 14:06	AB0VZ	DM79	KD3CCO	FN10cs	14.097139	1	-4	-1	2312	78	WSPR2	2312	2048	3.0.1
2026-06-27 14:06	KE4HSV	EM74	KD3CCO	FN10cs	14.09712	0.2	-12	0	946	40	WSPR2	4730	3108	3.0.1
2026-06-27 14:06	NI5F	EM70fu	KD3CCO	FN10cs	14.097105	5	-3	0	1304	30	WSPR2	261	239	3.0.1
2026-06-27 14:06	K4CFB	FM04	KD3CCO	FN10cs	14.097133	0.2	-7	1	708	9	WSPR2	3540	2832	3.0.1
2026-06-27 14:06	KE8ST	EN72tr	KD3CCO	FN10cs	14.097192	0.2	-15	-1	588	110	WSPR2	2940	1680	3.0.1
2026-06-27 14:06	G8MCD	IO91us	KD3CCO	FN10cs	14.097021	0.2	-23	0	5792	290	WSPR2	28960	9929	3.0.1
2026-06-27 14:06	N4WLO/1	EM50uo	KD3CCO	FN10cs	14.097099	5	4	1	1473	37	WSPR2	295	329	3.0.1
2026-06-27 14:06	KM4TTS	EM80bn	KD3CCO	FN10cs	14.097068	0.2	-16	0	1260	24	WSPR2	6300	3420	3.0.1
2026-06-27 14:06	VE1DC	FN85	KD3CCO	FN10cs	14.097067	0.2	-19	0	1304	252	WSPR2	6520	2981	3.0.1
2026-06-27 14:06	WW0WWV	DN70mq	KD3CCO	FN10cs	14.097054	1	-12	0	2280	81	WSPR2	2280	1498	3.0.1
2026-06-27 14:06	NJ6E	CM88	KD3CCO	FN10cs	14.097036	0.2	-17	0	3841	72	WSPR2	19205	9877	3.0.1
2026-06-27 14:06	KE6VNI	EN72	KD3CCO	FN10cs	14.097034	0.2	-6	0	632	105	WSPR2	3160	2618	3.0.1
2026-06-27 14:06	WA3ITR	FN42	KD3CCO	FN10cs	14.097114	2	-11	0	592	254	WSPR2	296	203	3.0.1
2026-06-27 14:04	KE4HSV	EM74	KD3CCO	FN10cs	14.096999	0.2	-8	1	946	40	WSPR2	4730	3649	3.0.1
2026-06-27 14:04	KI7KDB	IL28	KD3CCO	FN10cs	14.097186	0.02	-27	0	5778	301	WSPR2	288900	66034	3.0.1
2026-06-27 14:04	VE1DC	FN85	KD3CCO	FN10cs	14.097166	0.2	-15	0	1304	252	WSPR2	6520	3726	3.0.1
2026-06-27 14:04	W8CJL	FN41tp	KD3CCO	FN10cs	14.097157	0.2	-16	0	628	264	WSPR2	3140	1705	3.0.1
2026-06-27 14:04	K0CFW	EN34oq	KD3CCO	FN10cs	14.097135	0.2	-19	0	1298	104	WSPR2	6490	2967	3.0.1
2026-06-27 14:04	DL1FX	JN49gr	KD3CCO	FN10cs	14.097129	0.2	-27	0	6452	297	WSPR2	32260	7374	3.0.1
2026-06-27 14:04	N0LUF	DM78	KD3CCO	FN10cs	14.097106	1	-6	0	2338	75	WSPR2	2338	1937	3.0.1
2026-06-27 14:04	K1YZY	FN41xr	KD3CCO	FN10cs	14.097105	5	-11	0	656	263	WSPR2	131	90	3.0.1
2026-06-27 14:04	AK1WI	FN42	KD3CCO	FN10cs	14.0971	2	-9	0	592	254	WSPR2	296	220	3.0.1
2026-06-27 14:04	KM4TTS	EM80bn	KD3CCO	FN10cs	14.097094	0.2	-15	0	1260	24	WSPR2	6300	3600	3.0.1
2026-06-27 14:04	F6KIM	JN38	KD3CCO	FN10cs	14.097081	5	-25	0	6412	297	WSPR2	1282	366	3.0.1
2026-06-27 14:04	W2VET	EM64	KD3CCO	FN10cs	14.097068	0.2	-13	0	1073	47	WSPR2	5365	3372	3.0.1
2026-06-27 14:04	WW0WWV	DN70mq	KD3CCO	FN10cs	14.097054	1	-8	0	2280	81	WSPR2	2280	1759	3.0.1
2026-06-27 14:04	K8RAY	EN72	KD3CCO	FN10cs	14.097021	0.01	1	0	632	105	WSPR2	63200	65006	3.0.1
2026-06-27 14:04	KF4JU	EL87pt	KD3CCO	FN10cs	14.097009	0.2	-3	0	1509	16	WSPR2	7545	6898	3.0.1
2026-06-27 14:02	IU0JJD	JN61tp	KD3CCO	FN10cs	14.097181	0.2	-20	0	7246	303	WSPR2	36230	15527	3.0.1
2026-06-27 14:02	G8MCD	IO91us	KD3CCO	FN10cs	14.097021	0.2	-21	0	5792	290	WSPR2	28960	11584	3.0.1
2026-06-27 14:02	K4RCC	EM85ji	KD3CCO	FN10cs	14.09717	0.2	-17	0	766	37	WSPR2	3830	1970	3.0.1
2026-06-27 14:02	W8CJL	FN41tp	KD3CCO	FN10cs	14.097158	0.2	-14	0	628	264	WSPR2	3140	1884	3.0.1
2026-06-27 14:02	KE6VNI	EN72	KD3CCO	FN10cs	14.097151	0.2	-8	0	632	105	WSPR2	3160	2438	3.0.1
2026-06-27 14:02	KD0QPC	EM38un	KD3CCO	FN10cs	14.097137	0.2	-16	0	1264	74	WSPR2	6320	3431	3.0.1
2026-06-27 14:02	K0CFW	EN34oq	KD3CCO	FN10cs	14.097135	0.2	-20	0	1298	104	WSPR2	6490	2781	3.0.1
2026-06-27 14:02	KG4LHC	EM85jw	KD3CCO	FN10cs	14.097126	0.2	-11	-1	715	40	WSPR2	3575	2451	3.0.1
2026-06-27 14:02	WA3ITR	FN42	KD3CCO	FN10cs	14.097114	2	-7	0	592	254	WSPR2	296	237	3.0.1
2026-06-27 14:02	AC9YY	EN51	KD3CCO	FN10cs	14.097105	0.5	-14	0	945	91	WSPR2	1890	1134	3.0.1
2026-06-27 14:02	N4CEI	DM13la	KD3CCO	FN10cs	14.097099	0.5	-17	1	3564	65	WSPR2	7128	3666	3.0.1
2026-06-27 14:02	M8KWY	IO83	KD3CCO	FN10cs	14.097079	0.2	-27	0	5555	287	WSPR2	27775	6349	3.0.1
2026-06-27 14:02	WW0WWV	DN70mq	KD3CCO	FN10cs	14.097054	1	-8	0	2280	81	WSPR2	2280	1759	3.0.1
2026-06-27 14:02	NF6S	CM97	KD3CCO	FN10cs	14.097048	0.2	-13	0	3711	71	WSPR2	18555	11663	3.0.1
2026-06-27 14:02	KK4NDU	EM60	KD3CCO	FN10cs	14.097045	0.2	-18	0	1415	34	WSPR2	7075	3436	3.0.1
2026-06-27 14:02	KN4UCR	FN54ou	KD3CCO	FN10cs	14.096998	0.2	-20	0	862	241	WSPR2	4310	1847	3.0.1
2026-06-27 14:02	KE4HSV	EM74	KD3CCO	FN10cs	14.097039	0.2	-8	0	946	40	WSPR2	4730	3649	3.0.1
2026-06-27 14:02	KM4TTS	EM80bn	KD3CCO	FN10cs	14.096997	0.2	-17	0	1260	24	WSPR2	6300	3240	3.0.1
